"ID"	"ControlType"	"ORGANISM"	"miRNA_ID"	"SPOT_ID"	"SPOT_ID_1"	"logFC"	"AveExpr"	"t"	"P.Value"	"adj.P.Val"	"B"
"hsa-miR-32"	"hsa-miR-32"	0	"Homo sapiens"	"hsa-miR-32"	""	NA	-1.7164615065	4.65605791742857	-8.37445111358623	3.18138325032152e-05	0.00518031782883644	2.9846832511261
"hsa-miR-545"	"hsa-miR-545"	0	"Homo sapiens"	"hsa-miR-545"	""	NA	-1.50466621183333	4.36856856442857	-8.17104376651684	3.8003101070213e-05	0.00518031782883644	2.80705717889738
"hsa-miR-219-5p"	"hsa-miR-219-5p"	0	"Homo sapiens"	"hsa-miR-219-5p"	""	NA	-1.34281763316667	3.30188042085714	-7.79658250899682	5.32224434469497e-05	0.00518031782883644	2.46866825793051
"hsa-miR-29b"	"hsa-miR-29b"	0	"Homo sapiens"	"hsa-miR-29b"	""	NA	-1.45902088325	7.445474621	-7.08753920188996	0.000104455143795667	0.00667934056897898	1.78478934069422
"hsa-miR-548a-5p"	"hsa-miR-548a-5p"	0	"Homo sapiens"	"hsa-miR-548a-5p"	""	NA	-1.04541007275	2.58544385357143	-6.99607457134899	0.000114372270016763	0.00667934056897898	1.6922152877738
"hsa-miR-33a"	"hsa-miR-33a"	0	"Homo sapiens"	"hsa-miR-33a"	""	NA	-1.33940042983333	6.14269542514286	-6.42152784468355	0.000206483939718365	0.00679492852383148	1.08639680029956
"hsa-miR-17*"	"hsa-miR-17*"	0	"Homo sapiens"	"hsa-miR-17*"	""	NA	-1.04048824641667	6.45498791342857	-6.41190355630584	0.000208604295784398	0.00679492852383148	1.07588042410345
"hsa-miR-33b"	"hsa-miR-33b"	0	"Homo sapiens"	"hsa-miR-33b"	""	NA	-1.16806473975	2.69782021942857	-6.3736193634981	0.000217280087223	0.00679492852383148	1.03392415195132
"hsa-miR-101"	"hsa-miR-101"	0	"Homo sapiens"	"hsa-miR-101"	""	NA	-1.19007788466667	7.41235804614286	-6.24517212504903	0.000249429498772872	0.00679492852383148	0.891704228691581
"hsa-miR-142-3p"	"hsa-miR-142-3p"	0	"Homo sapiens"	"hsa-miR-142-3p"	""	NA	-1.07908527425	10.5235871532857	-6.19904708828108	0.000262227563540469	0.00679492852383148	0.840082468523328
"hsa-miR-598"	"hsa-miR-598"	0	"Homo sapiens"	"hsa-miR-598"	""	NA	-1.14074272691667	4.68574851485714	-6.1132514296117	0.00028800410663339	0.00679492852383148	0.743279782366733
"hsa-miR-362-3p"	"hsa-miR-362-3p"	0	"Homo sapiens"	"hsa-miR-362-3p"	""	NA	-1.50777153808333	3.30324668228571	-6.10513491165168	0.000290583735274368	0.00679492852383148	0.734068956721909
"hsa-miR-590-5p"	"hsa-miR-590-5p"	0	"Homo sapiens"	"hsa-miR-590-5p"	""	NA	-1.19770240966667	7.49485948671429	-6.03689544605646	0.000313307389999591	0.00679492852383148	0.656264441104404
"hsa-miR-24-1*"	"hsa-miR-24-1*"	0	"Homo sapiens"	"hsa-miR-24-1*"	""	NA	-1.06975106041667	5.29543402342857	-6.00170893563957	0.00032578424429329	0.00679492852383148	0.615890076451008
"hsa-miR-34a"	"hsa-miR-34a"	0	"Homo sapiens"	"hsa-miR-34a"	""	NA	1.09635193566667	4.99224354671429	5.52656235607371	0.000560668403702697	0.0109016522681726	0.0532859028205701
"hsa-miR-15a*"	"hsa-miR-15a*"	0	"Homo sapiens"	"hsa-miR-15a*"	""	NA	-0.837549733	2.89056682357143	-5.46256619137504	0.000604576003285149	0.0109016522681726	-0.0250126614928092
"hsa-miR-301a"	"hsa-miR-301a"	0	"Homo sapiens"	"hsa-miR-301a"	""	NA	-0.909976459166668	7.81744689157143	-5.38673950642718	0.000661548068817244	0.0109016522681726	-0.118574769450659
"hsa-miR-19a"	"hsa-miR-19a"	0	"Homo sapiens"	"hsa-miR-19a"	""	NA	-1.06383178333333	8.77290345114286	-5.37358321854807	0.000672019660366805	0.0109016522681726	-0.134895686899999
"hsa-miR-340"	"hsa-miR-340"	0	"Homo sapiens"	"hsa-miR-340"	""	NA	-0.955041962583332	6.123198765	-5.20757934248984	0.000820982769711592	0.0126172088818834	-0.343064395305209
"hsa-miR-186*"	"hsa-miR-186*"	0	"Homo sapiens"	"hsa-miR-186*"	""	NA	-0.887284607	2.2110144885	-5.43590762530598	0.000979226016254764	0.0129969998521087	-0.368392211687651
"hsa-miR-29c"	"hsa-miR-29c"	0	"Homo sapiens"	"hsa-miR-29c"	""	NA	-0.817439946833336	8.34716140128571	-5.11551268029503	0.000918919852139753	0.0129969998521087	-0.460309723838169
"hsa-miR-142-5p"	"hsa-miR-142-5p"	0	"Homo sapiens"	"hsa-miR-142-5p"	""	NA	-0.813378144749998	7.98174752871429	-5.10158669872325	0.000934815662837116	0.0129969998521087	-0.47815614767141
"hsa-miR-335*"	"hsa-miR-335*"	0	"Homo sapiens"	"hsa-miR-335*"	""	NA	-1.1787268455	3.20789923457143	-4.86819121401685	0.00125124988960802	0.0152655507856854	-0.781649569539432
"hsa-miR-30a*"	"hsa-miR-30a*"	0	"Homo sapiens"	"hsa-miR-30a*"	""	NA	0.895789115249999	3.47123031442857	4.82320560341171	0.00132476810690566	0.0152655507856854	-0.841100651628233
"hsa-miR-342-3p"	"hsa-miR-342-3p"	0	"Homo sapiens"	"hsa-miR-342-3p"	""	NA	0.78352542758333	7.98773579442857	4.82283633378366	0.00132539073496066	0.0152655507856854	-0.841589939880293
"hsa-miR-199a-5p"	"hsa-miR-199a-5p"	0	"Homo sapiens"	"hsa-miR-199a-5p"	""	NA	-0.636618961916668	8.64986503871429	-4.78456469932054	0.00139168282395781	0.0152655507856854	-0.892413216404062
"hsa-miR-26b"	"hsa-miR-26b"	0	"Homo sapiens"	"hsa-miR-26b"	""	NA	-0.731643051749998	9.08559465614286	-4.77348591492412	0.00141154065484078	0.0152655507856854	-0.90716709242496
"hsa-miR-21*"	"hsa-miR-21*"	0	"Homo sapiens"	"hsa-miR-21*"	""	NA	-0.682735823833331	4.76229718785714	-4.73702623561385	0.00147910091186017	0.0154249095093989	-0.955853334155432
"hsa-miR-150"	"hsa-miR-150"	0	"Homo sapiens"	"hsa-miR-150"	""	NA	-1.01450981725	6.97062993442857	-4.67099817931538	0.00161058410107586	0.0159906891369504	-1.04453855463816
"hsa-miR-30e"	"hsa-miR-30e"	0	"Homo sapiens"	"hsa-miR-30e"	""	NA	-0.611992995500001	8.30965009985714	-4.65567626956964	0.00164287902091956	0.0159906891369504	-1.06521283085778
"hsa-miR-15a"	"hsa-miR-15a"	0	"Homo sapiens"	"hsa-miR-15a"	""	NA	-0.764118570333334	9.76647601028571	-4.56333819357216	0.00185303814735641	0.0166547000494829	-1.19056079268862
"hsa-miR-20a*"	"hsa-miR-20a*"	0	"Homo sapiens"	"hsa-miR-20a*"	""	NA	-0.659248664999999	4.99993090814286	-4.52366753559676	0.0019521441842545	0.0166547000494829	-1.24480918433969
"hsa-miR-19b"	"hsa-miR-19b"	0	"Homo sapiens"	"hsa-miR-19b"	""	NA	-0.786968068083334	9.95226280442857	-4.50838256445925	0.00199185211543192	0.0166547000494829	-1.2657741970204
"hsa-miR-30d*"	"hsa-miR-30d*"	0	"Homo sapiens"	"hsa-miR-30d*"	""	NA	-0.7319479275	3.42672008442857	-4.50560437903172	0.00199916306661873	0.0166547000494829	-1.26958855810812
"hsa-miR-335"	"hsa-miR-335"	0	"Homo sapiens"	"hsa-miR-335"	""	NA	-0.813929875916665	5.57724018242857	-4.50112244713858	0.00201101895701712	0.0166547000494829	-1.27574455592726
"hsa-miR-9*"	"hsa-miR-9*"	0	"Homo sapiens"	"hsa-miR-9*"	""	NA	-1.18470820633333	3.18377282942857	-4.48536190887991	0.00205331918418283	0.0166547000494829	-1.2974158525928
"hsa-miR-215"	"hsa-miR-215"	0	"Homo sapiens"	"hsa-miR-215"	""	NA	-0.8320498455	3.48939135542857	-4.46378975573527	0.00211278908395944	0.0166739030409772	-1.32713876160108
"hsa-miR-374a"	"hsa-miR-374a"	0	"Homo sapiens"	"hsa-miR-374a"	""	NA	-0.844568963083336	7.27148462428571	-4.40538282541699	0.00228338064938041	0.0175459776215547	-1.40796347324852
"hsa-miR-139-3p"	"hsa-miR-139-3p"	0	"Homo sapiens"	"hsa-miR-139-3p"	""	NA	-1.01128017166667	3.54455410485714	-4.35320442215087	0.00244844061973497	0.0183319143836567	-1.48059868110371
"hsa-miR-660"	"hsa-miR-660"	0	"Homo sapiens"	"hsa-miR-660"	""	NA	-0.681856845499997	5.08492135885714	-4.30391348952545	0.00261627906783639	0.0190988371952057	-1.54958437590138
"hsa-miR-7-1*"	"hsa-miR-7-1*"	0	"Homo sapiens"	"hsa-miR-7-1*"	""	NA	-0.825556659083333	4.721476911	-4.25333077279479	0.00280153062514239	0.0195591945999992	-1.62074907402553
"hsa-let-7d*"	"hsa-let-7d*"	0	"Homo sapiens"	"hsa-let-7d*"	""	NA	-1.3299522955	5.09805284471429	-4.25023788097735	0.00281330881232865	0.0195591945999992	-1.62511258492129
"hsa-miR-624*"	"hsa-miR-624*"	0	"Homo sapiens"	"hsa-miR-624*"	""	NA	-0.894550887999999	3.420281812	-4.19728973268562	0.00302346172465721	0.0205314145023234	-1.70002832369933
"hsa-miR-141"	"hsa-miR-141"	0	"Homo sapiens"	"hsa-miR-141"	""	NA	-0.688953782916665	4.73955614071429	-4.12966220028936	0.00331685679975697	0.0212167501870948	-1.79630130279929
"hsa-miR-326"	"hsa-miR-326"	0	"Homo sapiens"	"hsa-miR-326"	""	NA	-0.574824158416668	6.722416068	-4.1265262592466	0.0033311865416081	0.0212167501870948	-1.80078141092032
"hsa-miR-192"	"hsa-miR-192"	0	"Homo sapiens"	"hsa-miR-192"	""	NA	-0.765060539249999	5.105129178	-4.12409008080416	0.00334236475550123	0.0212167501870948	-1.80426278000942
"hsa-miR-200a"	"hsa-miR-200a"	0	"Homo sapiens"	"hsa-miR-200a"	""	NA	-0.511576894083333	2.43903499857143	-3.98150836684898	0.00407250926008356	0.0253015468924341	-2.00946793405825
"hsa-miR-148a"	"hsa-miR-148a"	0	"Homo sapiens"	"hsa-miR-148a"	""	NA	-0.608444256666665	7.32251639428571	-3.96474152040995	0.00416905256566916	0.0253017698567437	-2.03378385267446
"hsa-miR-140-5p"	"hsa-miR-140-5p"	0	"Homo sapiens"	"hsa-miR-140-5p"	""	NA	-0.536912582166667	8.15859000185714	-3.95170000831428	0.00424584494171385	0.0253017698567437	-2.0527235981572
"hsa-miR-548c-5p"	"hsa-miR-548c-5p"	0	"Homo sapiens"	"hsa-miR-548c-5p"	""	NA	-0.862953655499999	5.01606051342857	-3.79295723103188	0.00531255241042664	0.0310253060768916	-2.28507547850204
"hsa-miR-768-5p"	"hsa-miR-768-5p"	0	"Homo sapiens"	"hsa-miR-768-5p"	""	NA	-1.34187969108334	5.04525349842857	-3.74726430039145	0.00567036516239662	0.0324656201454865	-2.35256053185876
"hsa-miR-199b-3p"	"hsa-miR-199b-3p"	0	"Homo sapiens"	"hsa-miR-199b-3p"	""	NA	-0.551858404333331	10.1059903137143	-3.69016786469663	0.00615407445776948	0.0345574950320902	-2.43725263107908
"hsa-miR-7"	"hsa-miR-7"	0	"Homo sapiens"	"hsa-miR-7"	""	NA	-0.752226073916667	4.29177391585714	-3.6734927456381	0.00630351731596273	0.0347288123822852	-2.46206203450622
"hsa-miR-106b"	"hsa-miR-106b"	0	"Homo sapiens"	"hsa-miR-106b"	""	NA	-0.495167480250002	9.26302235714286	-3.65420014517536	0.00648126353619707	0.0350468324549916	-2.49080728772229
"hsa-miR-148b*"	"hsa-miR-148b*"	0	"Homo sapiens"	"hsa-miR-148b*"	""	NA	-0.484385132333334	1.69232323514286	-3.6291671034976	0.00671990323042841	0.0356765771506381	-2.52817120733318
"hsa-miR-27a"	"hsa-miR-27a"	0	"Homo sapiens"	"hsa-miR-27a"	""	NA	-0.51804506	10.6267363814286	-3.6101668997848	0.00690727665393823	0.0360165139812493	-2.55657944903016
"hsa-miR-146b-5p"	"hsa-miR-146b-5p"	0	"Homo sapiens"	"hsa-miR-146b-5p"	""	NA	-0.556687170500001	6.17866608242857	-3.58875684848079	0.00712510349611889	0.0365005301906441	-2.58864058654938
"hsa-miR-625"	"hsa-miR-625"	0	"Homo sapiens"	"hsa-miR-625"	""	NA	-0.760772894416666	7.46905123642857	-3.4966497464221	0.00814905565159657	0.0407671510733705	-2.72715278045272
"hsa-miR-1"	"hsa-miR-1"	0	"Homo sapiens"	"hsa-miR-1"	""	NA	-1.73078360758333	4.558265399	-3.48529387473367	0.0082857343653614	0.0407671510733705	-2.74429347516175
"hsa-miR-324-5p"	"hsa-miR-324-5p"	0	"Homo sapiens"	"hsa-miR-324-5p"	""	NA	-0.437145861666668	7.58498276742857	-3.47783657833875	0.00837681186439119	0.0407671510733705	-2.75555697396088
"hsa-miR-628-5p"	"hsa-miR-628-5p"	0	"Homo sapiens"	"hsa-miR-628-5p"	""	NA	-0.584201712666665	4.86232824457143	-3.43553508801374	0.0089139465968954	0.0426700394474337	-2.81955763075354
"hsa-miR-627"	"hsa-miR-627"	0	"Homo sapiens"	"hsa-miR-627"	""	NA	-0.500350923666669	4.52356497514286	-3.37375320287301	0.00976496710913438	0.0459898450946329	-2.91335148408435
"hsa-miR-126"	"hsa-miR-126"	0	"Homo sapiens"	"hsa-miR-126"	""	NA	-0.472458178416666	10.1545536247143	-3.32942206515836	0.0104283308849694	0.048334486006525	-2.98087501023797
"hsa-miR-454"	"hsa-miR-454"	0	"Homo sapiens"	"hsa-miR-454"	""	NA	-0.429150498166665	5.91174702457143	-3.31317563138463	0.0106832168613113	0.0487421769297326	-3.00566537880397
"hsa-miR-432"	"hsa-miR-432"	0	"Homo sapiens"	"hsa-miR-432"	""	NA	0.660890790833333	5.25402730214286	3.2861606733981	0.0111217072270646	0.0490967925382204	-3.04693823655765
"hsa-miR-136"	"hsa-miR-136"	0	"Homo sapiens"	"hsa-miR-136"	""	NA	-1.26020196908333	5.89718660042857	-3.28482449605814	0.0111438819660764	0.0490967925382204	-3.04898123463439
"hsa-miR-18b"	"hsa-miR-18b"	0	"Homo sapiens"	"hsa-miR-18b"	""	NA	-0.484177986416665	6.40780456057143	-3.27261264006187	0.0113487183296216	0.0490967925382204	-3.0676599329753
"hsa-miR-15b*"	"hsa-miR-15b*"	0	"Homo sapiens"	"hsa-miR-15b*"	""	NA	-0.56430175575	2.75974251385714	-3.266679152127	0.0114496728456678	0.0490967925382204	-3.07673999192955
"hsa-miR-454*"	"hsa-miR-454*"	0	"Homo sapiens"	"hsa-miR-454*"	""	NA	-0.562055187083333	3.42364214471429	-3.25785063047314	0.0116016393326617	0.0490967925382204	-3.09025567819106
"hsa-miR-20b"	"hsa-miR-20b"	0	"Homo sapiens"	"hsa-miR-20b"	""	NA	-0.405595366166669	7.905827015	-3.21764078549115	0.0123211289024296	0.0513967091358492	-3.1518919408639
"hsa-miR-374b"	"hsa-miR-374b"	0	"Homo sapiens"	"hsa-miR-374b"	""	NA	-0.448019230166666	7.688708856	-3.16372219982156	0.0133603571098166	0.0549468207896681	-3.23473306529133
"hsa-miR-30c"	"hsa-miR-30c"	0	"Homo sapiens"	"hsa-miR-30c"	""	NA	-0.446195780416668	7.70744413228571	-3.11538103082322	0.014370383059936	0.0572313771658445	-3.3091757702063
"hsa-miR-18a"	"hsa-miR-18a"	0	"Homo sapiens"	"hsa-miR-18a"	""	NA	-0.444130403999996	7.36711857971429	-3.11252745584824	0.0144324523898231	0.0572313771658445	-3.31357481172145
"hsa-miR-551b"	"hsa-miR-551b"	0	"Homo sapiens"	"hsa-miR-551b"	""	NA	-0.606545109333332	6.248688667	-3.10926123432799	0.0145038421584674	0.0572313771658445	-3.31861060151465
"hsa-miR-223"	"hsa-miR-223"	0	"Homo sapiens"	"hsa-miR-223"	""	NA	-0.374515480833336	11.6955920271429	-3.08817209212437	0.0149737779521886	0.0576576419573552	-3.35114089299903
"hsa-miR-584"	"hsa-miR-584"	0	"Homo sapiens"	"hsa-miR-584"	""	NA	-0.555276697333333	6.75393861242857	-3.08412087149329	0.0150658627365842	0.0576576419573552	-3.35739296081518
"hsa-miR-21"	"hsa-miR-21"	0	"Homo sapiens"	"hsa-miR-21"	""	NA	-0.372233505000001	11.6773005	-3.06967144594993	0.0153991533972873	0.0576576419573552	-3.37969973755694
"hsa-miR-30b"	"hsa-miR-30b"	0	"Homo sapiens"	"hsa-miR-30b"	""	NA	-0.419035705333332	8.33704086185714	-3.06351432877892	0.0155435077371862	0.0576576419573552	-3.38920853004926
"hsa-miR-576-3p"	"hsa-miR-576-3p"	0	"Homo sapiens"	"hsa-miR-576-3p"	""	NA	-0.657159089916667	1.70019713871429	-3.06115669823833	0.0155991565569557	0.0576576419573552	-3.39285010384026
"hsa-miR-340*"	"hsa-miR-340*"	0	"Homo sapiens"	"hsa-miR-340*"	""	NA	-0.562943964333333	6.620484623	-3.04351368837164	0.0160222623580463	0.0584812576068688	-3.42011073462144
"hsa-miR-130a"	"hsa-miR-130a"	0	"Homo sapiens"	"hsa-miR-130a"	""	NA	-0.511709202666669	9.719727196	-3.01266774307781	0.0167910306911695	0.06053062915829	-3.46780942057168
"hsa-miR-548d-5p"	"hsa-miR-548d-5p"	0	"Homo sapiens"	"hsa-miR-548d-5p"	""	NA	-0.550573677166665	2.33347738485714	-2.99252207313675	0.0173138082638192	0.0616540489394536	-3.49898586821674
"hsa-miR-641"	"hsa-miR-641"	0	"Homo sapiens"	"hsa-miR-641"	""	NA	-0.5376550765	2.66108962671429	-2.98240645715122	0.0175826773156931	0.0618571298335228	-3.51464698788526
"hsa-miR-16"	"hsa-miR-16"	0	"Homo sapiens"	"hsa-miR-16"	""	NA	-0.386583469166666	10.6658973871429	-2.9156325083214	0.0194700730351999	0.0670974505991999	-3.61812543027207
"hsa-miR-363"	"hsa-miR-363"	0	"Homo sapiens"	"hsa-miR-363"	""	NA	-0.797464113833334	6.471281082	-2.91356416119055	0.0195317921264794	0.0670974505991999	-3.62133311090537
"hsa-miR-199b-5p"	"hsa-miR-199b-5p"	0	"Homo sapiens"	"hsa-miR-199b-5p"	""	NA	-0.5924328545	3.85814370828571	-2.90128136412737	0.019902516688685	0.0675759868964653	-3.64038434009943
"hsa-miR-421"	"hsa-miR-421"	0	"Homo sapiens"	"hsa-miR-421"	""	NA	-0.345182041833334	3.98732756928571	-2.83547536574345	0.0220167738505737	0.073895378900776	-3.74251421341971
"hsa-miR-886-3p"	"hsa-miR-886-3p"	0	"Homo sapiens"	"hsa-miR-886-3p"	""	NA	-0.486374320333334	4.04927175528571	-2.82493868756996	0.0223763178177759	0.0742486909408018	-3.75887434385684
"hsa-miR-126*"	"hsa-miR-126*"	0	"Homo sapiens"	"hsa-miR-126*"	""	NA	-0.488963987750001	6.466777132	-2.78755576598412	0.0237016360985006	0.0777575564514587	-3.81692795567906
"hsa-miR-28-5p"	"hsa-miR-28-5p"	0	"Homo sapiens"	"hsa-miR-28-5p"	""	NA	-0.357560003333335	7.91825417442857	-2.78034744753314	0.0239663701391482	0.0777575564514587	-3.82812322714522
"hsa-miR-342-5p"	"hsa-miR-342-5p"	0	"Homo sapiens"	"hsa-miR-342-5p"	""	NA	0.434713662833333	4.493694651	2.7543743211446	0.0249458140129471	0.0800459087008853	-3.86846319313094
"hsa-miR-328"	"hsa-miR-328"	0	"Homo sapiens"	"hsa-miR-328"	""	NA	-0.549750966666665	6.32530237214286	-2.67301969667034	0.0282887950600431	0.0897861756253543	-3.99479261316494
"hsa-miR-424"	"hsa-miR-424"	0	"Homo sapiens"	"hsa-miR-424"	""	NA	-1.12012476625	6.114951289	-2.648067992031	0.0294036721325429	0.0923212071258337	-4.03351729185982
"hsa-miR-26b*"	"hsa-miR-26b*"	0	"Homo sapiens"	"hsa-miR-26b*"	""	NA	-0.376620137833333	2.8617272	-2.62938299742664	0.0302679197739326	0.0940237507871099	-4.06250575419968
"hsa-miR-485-5p"	"hsa-miR-485-5p"	0	"Homo sapiens"	"hsa-miR-485-5p"	""	NA	1.05757939258333	2.75958665614286	2.60823926544158	0.0312772724874562	0.0961364585930233	-4.09529587238934
"hsa-miR-339-3p"	"hsa-miR-339-3p"	0	"Homo sapiens"	"hsa-miR-339-3p"	""	NA	-0.433739239333333	3.73999298842857	-2.57413948913493	0.0329780593110376	0.100308263737739	-4.14814389300274
"hsa-miR-301b"	"hsa-miR-301b"	0	"Homo sapiens"	"hsa-miR-301b"	""	NA	-0.499603864583333	5.32625434771429	-2.56279237024857	0.0335646835870396	0.101040078426965	-4.16571881058921
"hsa-miR-194"	"hsa-miR-194"	0	"Homo sapiens"	"hsa-miR-194"	""	NA	-0.373559502166667	4.528782188	-2.50703468350573	0.0366052365193177	0.108834761282395	-4.25198324694985
"hsa-miR-16-2*"	"hsa-miR-16-2*"	0	"Homo sapiens"	"hsa-miR-16-2*"	""	NA	-0.308070538249998	4.25998319942857	-2.49716451283083	0.037171923848496	0.108834761282395	-4.26723494112257
"hsa-miR-338-3p"	"hsa-miR-338-3p"	0	"Homo sapiens"	"hsa-miR-338-3p"	""	NA	-0.477460206416668	6.641628045	-2.49543423532487	0.0372721785213683	0.108834761282395	-4.26990797745162
"hsa-miR-20a"	"hsa-miR-20a"	0	"Homo sapiens"	"hsa-miR-20a"	""	NA	-0.300090232083335	10.1035631407143	-2.48388804130386	0.0379482308636902	0.109584297546741	-4.28774016153487
"hsa-miR-382"	"hsa-miR-382"	0	"Homo sapiens"	"hsa-miR-382"	""	NA	0.960588865916667	4.47657205671429	2.47413663695891	0.0385288585951519	0.109584297546741	-4.30279334659096
"hsa-miR-185"	"hsa-miR-185"	0	"Homo sapiens"	"hsa-miR-185"	""	NA	-0.329939269500002	9.03914662157143	-2.47204221322399	0.0386547350935423	0.109584297546741	-4.3060256222055
"hsa-miR-542-3p"	"hsa-miR-542-3p"	0	"Homo sapiens"	"hsa-miR-542-3p"	""	NA	-0.915516789000001	2.99374077183333	-2.44937656191298	0.0442386769725683	0.121255879881709	-4.3234935215549
"hsa-miR-133b"	"hsa-miR-133b"	0	"Homo sapiens"	"hsa-miR-133b"	""	NA	-1.2555615935	4.63426161228571	-2.45578595441661	0.039645997640699	0.111313762606578	-4.33110262711867
"hsa-miR-505"	"hsa-miR-505"	0	"Homo sapiens"	"hsa-miR-505"	""	NA	-0.307504139500001	5.53147982685714	-2.44793819394081	0.0401336887473677	0.111609877278394	-4.3432014817925
"hsa-miR-625*"	"hsa-miR-625*"	0	"Homo sapiens"	"hsa-miR-625*"	""	NA	-0.347280545583333	2.38997306628571	-2.3806863870853	0.0445690453903201	0.121255879881709	-4.44666998867644
"hsa-miR-181c*"	"hsa-miR-181c*"	0	"Homo sapiens"	"hsa-miR-181c*"	""	NA	-0.394070876000002	4.92959525628571	-2.37668382342932	0.0448480651617279	0.121255879881709	-4.45281486496289
"hsa-miR-768-3p"	"hsa-miR-768-3p"	0	"Homo sapiens"	"hsa-miR-768-3p"	""	NA	-0.761607460333334	3.89046430928571	-2.34199830150906	0.0473406173492241	0.126286474925703	-4.50599612389944
"hsa-miR-744"	"hsa-miR-744"	0	"Homo sapiens"	"hsa-miR-744"	""	NA	-0.29211660625	6.040958437	-2.33884930980592	0.0475736720610524	0.126286474925703	-4.51081788527193
"hsa-miR-22"	"hsa-miR-22"	0	"Homo sapiens"	"hsa-miR-22"	""	NA	-0.276172025833333	10.6724411871429	-2.33060194632346	0.0481895122032262	0.126768806876955	-4.52344103607917
"hsa-miR-27b"	"hsa-miR-27b"	0	"Homo sapiens"	"hsa-miR-27b"	""	NA	-0.442072399750003	9.06683369214286	-2.32073837758836	0.0489365200959274	0.127584498821525	-4.53852766415889
"hsa-miR-629*"	"hsa-miR-629*"	0	"Homo sapiens"	"hsa-miR-629*"	""	NA	-0.36872358825	2.73700943071429	-2.31024269538692	0.0497441190187297	0.128542325251939	-4.55456855781375
"hsa-miR-139-5p"	"hsa-miR-139-5p"	0	"Homo sapiens"	"hsa-miR-139-5p"	""	NA	-0.856818907583333	6.243765709	-2.26489541164044	0.0533890834062194	0.136569628609711	-4.62371622848154
"hsa-miR-152"	"hsa-miR-152"	0	"Homo sapiens"	"hsa-miR-152"	""	NA	-0.398311033999996	4.87043577785714	-2.26014502171147	0.053785983870263	0.136569628609711	-4.63094419272084
"hsa-miR-128"	"hsa-miR-128"	0	"Homo sapiens"	"hsa-miR-128"	""	NA	-0.299998519000001	6.29661620085714	-2.25294038972859	0.0543935462966943	0.136921685505472	-4.64190047040776
"hsa-miR-181c"	"hsa-miR-181c"	0	"Homo sapiens"	"hsa-miR-181c"	""	NA	-0.3794376985	5.2321395	-2.24383217444155	0.055171408734029	0.137189188268956	-4.6557411482285
"hsa-miR-221*"	"hsa-miR-221*"	0	"Homo sapiens"	"hsa-miR-221*"	""	NA	-0.302993871333333	5.56616265828571	-2.24072293844801	0.0554394664922492	0.137189188268956	-4.66046317762299
"hsa-miR-224"	"hsa-miR-224"	0	"Homo sapiens"	"hsa-miR-224"	""	NA	-0.685187528083333	5.802775408	-2.2297804011776	0.0563931823225518	0.138376548220043	-4.67707055368739
"hsa-miR-29a"	"hsa-miR-29a"	0	"Homo sapiens"	"hsa-miR-29a"	""	NA	-0.353786742916668	8.16361150857143	-2.2159324532284	0.0576234829395014	0.140217141819453	-4.69806194566196
"hsa-miR-15b"	"hsa-miR-15b"	0	"Homo sapiens"	"hsa-miR-15b"	""	NA	-0.269610944999998	10.6963231428571	-2.20012367693777	0.0590605185996286	0.14252621017431	-4.72198972121875
"hsa-miR-26a-1*"	"hsa-miR-26a-1*"	0	"Homo sapiens"	"hsa-miR-26a-1*"	""	NA	-0.313904706666666	2.90519537557143	-2.18165840354729	0.0607839636178108	0.14548292931476	-4.74988798994537
"hsa-miR-125a-3p"	"hsa-miR-125a-3p"	0	"Homo sapiens"	"hsa-miR-125a-3p"	""	NA	0.931302514583333	3.06661321314286	2.16818837963083	0.0620724204330883	0.147358916800502	-4.77020374992582
"hsa-miR-923"	"hsa-miR-923"	0	"Homo sapiens"	"hsa-miR-923"	""	NA	0.726609266416668	6.51464366142857	2.1486802709803	0.0639863145386217	0.150677450365141	-4.79957126313265
"hsa-miR-487b"	"hsa-miR-487b"	0	"Homo sapiens"	"hsa-miR-487b"	""	NA	0.546550802500001	5.57255771828571	2.14009971572289	0.0648464211260739	0.151481239750509	-4.81246720933393
"hsa-miR-26a"	"hsa-miR-26a"	0	"Homo sapiens"	"hsa-miR-26a"	""	NA	-0.324228583249997	9.80178872785714	-2.12706334220472	0.0661749745091676	0.153357877433944	-4.83203438585823
"hsa-miR-134"	"hsa-miR-134"	0	"Homo sapiens"	"hsa-miR-134"	""	NA	0.931064347666665	3.46126734942857	2.07968410527285	0.0712321429411633	0.163336170489342	-4.90287717914961
"hsa-miR-485-3p"	"hsa-miR-485-3p"	0	"Homo sapiens"	"hsa-miR-485-3p"	""	NA	0.890115517833333	5.15486276642857	2.07637261102034	0.0715994172008074	0.163336170489342	-4.90781198741096
"hsa-miR-323-3p"	"hsa-miR-323-3p"	0	"Homo sapiens"	"hsa-miR-323-3p"	""	NA	0.605231352500001	3.42276596814286	2.07103506661273	0.0721952955685565	0.163418808573787	-4.91576128496896
"ebv-miR-BART12"	"ebv-miR-BART12"	0	"Human herpesvirus 4"	"ebv-miR-BART12"	""	NA	0.544215009499999	7.03344153542857	2.02717875263233	0.0772779282576771	0.173578115778782	-4.98084810538022
"hsa-miR-106b*"	"hsa-miR-106b*"	0	"Homo sapiens"	"hsa-miR-106b*"	""	NA	-0.355363829833333	1.83875279571429	-2.01422210336287	0.0788449802411114	0.175746062827516	-4.99999571673119
"hsa-miR-574-5p"	"hsa-miR-574-5p"	0	"Homo sapiens"	"hsa-miR-574-5p"	""	NA	0.700540934333334	5.306601475	2.00161764507392	0.0803989961698822	0.177852324860648	-5.01858576864496
"hsa-miR-484"	"hsa-miR-484"	0	"Homo sapiens"	"hsa-miR-484"	""	NA	-0.290922970916665	6.691882515	-1.98736339998229	0.0821921710101685	0.180451984473453	-5.03956393749479
"hsa-miR-1234"	"hsa-miR-1234"	0	"Homo sapiens"	"hsa-miR-1234"	""	NA	0.768158551249999	4.32240001657143	1.92841939282311	0.0900258610691899	0.196175756956742	-5.12577817009282
"hsa-miR-148b"	"hsa-miR-148b"	0	"Homo sapiens"	"hsa-miR-148b"	""	NA	-0.28520592075	7.34959168614286	-1.91869110313548	0.0913859544430072	0.197664434795245	-5.13992050505304
"hsa-miR-539"	"hsa-miR-539"	0	"Homo sapiens"	"hsa-miR-539"	""	NA	0.524397280083333	3.68918820628571	1.89890773748888	0.0942128296608297	0.202280487212958	-5.1686007043807
"hsa-miR-337-5p"	"hsa-miR-337-5p"	0	"Homo sapiens"	"hsa-miR-337-5p"	""	NA	-0.677144615416666	4.70465934742857	-1.89128376970604	0.0953244103958008	0.203173195880101	-5.1796242324002
"hsa-let-7f"	"hsa-let-7f"	0	"Homo sapiens"	"hsa-let-7f"	""	NA	-0.263875373166668	10.1178575491429	-1.873806507219	0.0979200714862123	0.207193194738942	-5.20483225436388
"hsa-miR-144"	"hsa-miR-144"	0	"Homo sapiens"	"hsa-miR-144"	""	NA	-0.737438561916667	5.76277632371429	-1.86126157187649	0.0998245976753553	0.209703471375566	-5.22287156165558
"hsa-miR-487a"	"hsa-miR-487a"	0	"Homo sapiens"	"hsa-miR-487a"	""	NA	0.98943973825	3.40591182714286	1.83412284769023	0.104065932146198	0.216335185487214	-5.26173540652825
"hsa-miR-93*"	"hsa-miR-93*"	0	"Homo sapiens"	"hsa-miR-93*"	""	NA	-0.348201445583333	1.91571190571429	-1.83163475892728	0.1044632231291	0.216335185487214	-5.2652872029786
"hsa-miR-409-5p"	"hsa-miR-409-5p"	0	"Homo sapiens"	"hsa-miR-409-5p"	""	NA	0.70476102675	4.09821158671429	1.78466006776492	0.112238638950907	0.230209429578907	-5.33197590475602
"hsa-miR-409-3p"	"hsa-miR-409-3p"	0	"Homo sapiens"	"hsa-miR-409-3p"	""	NA	0.740696314500002	5.76714824785714	1.78174010704803	0.112739549417068	0.230209429578907	-5.33609758180051
"hsa-miR-10a"	"hsa-miR-10a"	0	"Homo sapiens"	"hsa-miR-10a"	""	NA	-0.334580756666667	5.40005418485714	-1.75387728987315	0.117626132698135	0.23710480153024	-5.3752825055513
"hsa-miR-503"	"hsa-miR-503"	0	"Homo sapiens"	"hsa-miR-503"	""	NA	-0.705379490166667	4.20907578028571	-1.75323884092414	0.117740398020153	0.23710480153024	-5.37617726933721
"hsa-miR-30e*"	"hsa-miR-30e*"	0	"Homo sapiens"	"hsa-miR-30e*"	""	NA	-0.210353705916665	6.764891907	-1.73978563842241	0.120172457866464	0.240198859463168	-5.39499831138542
"hsa-miR-99b"	"hsa-miR-99b"	0	"Homo sapiens"	"hsa-miR-99b"	""	NA	0.875877579250001	6.02788696485714	1.73569061095064	0.120922028565362	0.240198859463168	-5.40071458676913
"hsa-miR-433"	"hsa-miR-433"	0	"Homo sapiens"	"hsa-miR-433"	""	NA	0.499247434083333	3.24098154971429	1.72536378138567	0.1228317241734	0.241799884440691	-5.41510327376829
"hsa-miR-1228"	"hsa-miR-1228"	0	"Homo sapiens"	"hsa-miR-1228"	""	NA	0.31254871875	3.12928547185714	1.72176924795501	0.123503019458844	0.241799884440691	-5.4201026350315
"hsa-miR-136*"	"hsa-miR-136*"	0	"Homo sapiens"	"hsa-miR-136*"	""	NA	-0.743665569999999	3.29835161471429	-1.71799120832229	0.124212269404465	0.241799884440691	-5.42535216420103
"hsa-miR-654-5p"	"hsa-miR-654-5p"	0	"Homo sapiens"	"hsa-miR-654-5p"	""	NA	0.400315910916667	3.46626962542857	1.70810633101903	0.126085934674132	0.243821807449315	-5.43906234067319
"hsa-let-7e"	"hsa-let-7e"	0	"Homo sapiens"	"hsa-let-7e"	""	NA	0.651374187249999	8.00979514128571	1.68063283098183	0.131432294855651	0.252488355906909	-5.4769763687581
"hsa-miR-494"	"hsa-miR-494"	0	"Homo sapiens"	"hsa-miR-494"	""	NA	0.69358534525	3.412560008	1.64054454285481	0.139610515866338	0.266446213287389	-5.53177665049288
"hsa-miR-376b"	"hsa-miR-376b"	0	"Homo sapiens"	"hsa-miR-376b"	""	NA	-0.638342303083334	3.816350086	-1.6282227218731	0.142216791360852	0.268481374800711	-5.54849151116527
"hsa-miR-377*"	"hsa-miR-377*"	0	"Homo sapiens"	"hsa-miR-377*"	""	NA	0.731902953666666	2.81518250057143	1.62682236693507	0.142515798267501	0.268481374800711	-5.55038720252365
"hsa-miR-1225-5p"	"hsa-miR-1225-5p"	0	"Homo sapiens"	"hsa-miR-1225-5p"	""	NA	0.286521080083334	4.07968211414286	1.6077708815773	0.146641316709487	0.27325177775393	-5.57609692009116
"hsa-miR-140-3p"	"hsa-miR-140-3p"	0	"Homo sapiens"	"hsa-miR-140-3p"	""	NA	-0.257162253416666	7.16527040657143	-1.60308707962217	0.147672155627404	0.27325177775393	-5.58239437913358
"hsa-miR-98"	"hsa-miR-98"	0	"Homo sapiens"	"hsa-miR-98"	""	NA	-0.217933943166665	6.98568115485714	-1.60225753853718	0.14785541399014	0.27325177775393	-5.58350874560119
"hsa-miR-331-3p"	"hsa-miR-331-3p"	0	"Homo sapiens"	"hsa-miR-331-3p"	""	NA	-0.2082628165	8.76597863828571	-1.59676198784616	0.149074714836487	0.273772432278329	-5.5908838271622
"hsa-miR-378*"	"hsa-miR-378*"	0	"Homo sapiens"	"hsa-miR-378*"	""	NA	-0.228510222666667	2.98744430457143	-1.53969297401558	0.162287752218918	0.296175147799525	-5.66669273616099
"hsa-miR-17"	"hsa-miR-17"	0	"Homo sapiens"	"hsa-miR-17"	""	NA	-0.184764828416666	9.31217614671429	-1.51483631592589	0.168366438118904	0.305360248016894	-5.69925196591139
"hsa-miR-629"	"hsa-miR-629"	0	"Homo sapiens"	"hsa-miR-629"	""	NA	-0.270329947333332	2.85028766771429	-1.50822396710287	0.170017531029093	0.306451352225278	-5.70786472584392
"hsa-miR-940"	"hsa-miR-940"	0	"Homo sapiens"	"hsa-miR-940"	""	NA	0.224656562333333	4.04002162114286	1.50337283875387	0.171238054990668	0.306757742682669	-5.71417027272182
"hsa-miR-200b"	"hsa-miR-200b"	0	"Homo sapiens"	"hsa-miR-200b"	""	NA	-0.213438077666666	4.22262339785714	-1.48813655938795	0.175122529556883	0.311803528235426	-5.73390128604904
"hsa-miR-769-3p"	"hsa-miR-769-3p"	0	"Homo sapiens"	"hsa-miR-769-3p"	""	NA	0.546961358	1.92199267842857	1.47785606381707	0.177787738710375	0.314630422445027	-5.7471510309956
"hsa-miR-628-3p"	"hsa-miR-628-3p"	0	"Homo sapiens"	"hsa-miR-628-3p"	""	NA	-0.345922557333334	3.24089245857143	-1.45656931202441	0.183421193056107	0.321223250944545	-5.77442031419148
"hsa-miR-127-3p"	"hsa-miR-127-3p"	0	"Homo sapiens"	"hsa-miR-127-3p"	""	NA	0.365311331083332	4.50171762071429	1.45548143745146	0.183713297629243	0.321223250944545	-5.77580785924604
"hsa-miR-378"	"hsa-miR-378"	0	"Homo sapiens"	"hsa-miR-378"	""	NA	-0.247042451833334	2.892496817	-1.45011276515558	0.185160871934182	0.321827229790364	-5.78264667424944
"hsa-miR-125a-5p"	"hsa-miR-125a-5p"	0	"Homo sapiens"	"hsa-miR-125a-5p"	""	NA	0.646772241833334	7.49420151985714	1.44067268276347	0.18773069018496	0.32436308600005	-5.79463637285282
"hsa-miR-223*"	"hsa-miR-223*"	0	"Homo sapiens"	"hsa-miR-223*"	""	NA	-0.208658176333333	5.06184281271429	-1.38542776498059	0.2034076979567	0.34938263413739	-5.8638731199274
"hsa-miR-154"	"hsa-miR-154"	0	"Homo sapiens"	"hsa-miR-154"	""	NA	0.618004541166666	4.36689320642857	1.37741377019469	0.205774241042112	0.351380575346765	-5.87378158427692
"hsa-miR-23b"	"hsa-miR-23b"	0	"Homo sapiens"	"hsa-miR-23b"	""	NA	-0.285946897833336	8.756977192	-1.3705066634619	0.207833065224716	0.352832878172193	-5.88229332748246
"hsa-miR-1225-3p"	"hsa-miR-1225-3p"	0	"Homo sapiens"	"hsa-miR-1225-3p"	""	NA	-0.1773414885	2.0083306485	-1.25295894152775	0.250556197100114	0.406457830851296	-5.89900526881511
"hsa-miR-500*"	"hsa-miR-500*"	0	"Homo sapiens"	"hsa-miR-500*"	""	NA	-0.186487671499999	4.27572648128571	-1.34537797993812	0.215474408543143	0.363690909217328	-5.91303674206794
"hsa-miR-379"	"hsa-miR-379"	0	"Homo sapiens"	"hsa-miR-379"	""	NA	0.346165039083332	5.16689779642857	1.31082269121252	0.22637622766413	0.379266721731207	-5.95472848886823
"hsa-let-7d"	"hsa-let-7d"	0	"Homo sapiens"	"hsa-let-7d"	""	NA	-0.163677527166668	9.42685812914286	-1.30694729191033	0.227627778374545	0.379266721731207	-5.95936113354165
"hsa-miR-148a*"	"hsa-miR-148a*"	0	"Homo sapiens"	"hsa-miR-148a*"	""	NA	-0.413426144166667	1.00168670571429	-1.30395204592173	0.228599119947577	0.379266721731207	-5.96293560604449
"hsa-miR-491-5p"	"hsa-miR-491-5p"	0	"Homo sapiens"	"hsa-miR-491-5p"	""	NA	-0.200128266833333	2.06280248571429	-1.28719068531864	0.234100015889629	0.386198896269896	-5.98284039282701
"hsa-miR-23a"	"hsa-miR-23a"	0	"Homo sapiens"	"hsa-miR-23a"	""	NA	-0.165648874166667	10.3413356071429	-1.26507719985918	0.241528540385224	0.39621535838475	-6.00884339614048
"hsa-miR-106a"	"hsa-miR-106a"	0	"Homo sapiens"	"hsa-miR-106a"	""	NA	-0.177956030749999	5.50402209557143	-1.25519146255856	0.244913094525404	0.399523036879431	-6.02037163616149
"hsa-miR-361-3p"	"hsa-miR-361-3p"	0	"Homo sapiens"	"hsa-miR-361-3p"	""	NA	-0.194378553750001	4.85096521571429	-1.20544414775138	0.262552558992858	0.423565454286821	-6.07745805745452
"hsa-miR-423-3p"	"hsa-miR-423-3p"	0	"Homo sapiens"	"hsa-miR-423-3p"	""	NA	-0.187499762750001	4.32281201942857	-1.19907593356747	0.264884791204864	0.42497999468033	-6.08465189609353
"hsa-miR-369-5p"	"hsa-miR-369-5p"	0	"Homo sapiens"	"hsa-miR-369-5p"	""	NA	0.536665966083334	3.378045939	1.19445554762709	0.266587580937621	0.425374719310303	-6.08985482945886
"hsa-miR-543"	"hsa-miR-543"	0	"Homo sapiens"	"hsa-miR-543"	""	NA	0.324472140249999	4.45883295357143	1.17860896671282	0.272496123568129	0.432142444917386	-6.10759329366151
"hsa-miR-425*"	"hsa-miR-425*"	0	"Homo sapiens"	"hsa-miR-425*"	""	NA	-0.17099568475	2.84273278614286	-1.17517942098745	0.273788877773001	0.432142444917386	-6.11141050816297
"hsa-miR-210"	"hsa-miR-210"	0	"Homo sapiens"	"hsa-miR-210"	""	NA	-0.250063556916666	5.90411585357143	-1.16325955832789	0.278321032567601	0.434541706117258	-6.12461694776701
"hsa-miR-195"	"hsa-miR-195"	0	"Homo sapiens"	"hsa-miR-195"	""	NA	-0.180624239666667	5.88140164342857	-1.16118226872826	0.27911707471824	0.434541706117258	-6.12690873639187
"hsa-miR-125b"	"hsa-miR-125b"	0	"Homo sapiens"	"hsa-miR-125b"	""	NA	0.183976172	4.77229164614286	1.15947312336137	0.27977342722618	0.434541706117258	-6.12879219455873
"hsa-miR-502-3p"	"hsa-miR-502-3p"	0	"Homo sapiens"	"hsa-miR-502-3p"	""	NA	-0.18416139675	3.96618010514286	-1.14566785202917	0.285121038973669	0.44050446232969	-6.14393319409206
"hsa-miR-320"	"hsa-miR-320"	0	"Homo sapiens"	"hsa-miR-320"	""	NA	0.156260592333331	7.77589804871429	1.13428496833966	0.289592241719595	0.441269539920607	-6.15631996773633
"hsa-miR-23b*"	"hsa-miR-23b*"	0	"Homo sapiens"	"hsa-miR-23b*"	""	NA	-0.233014659916666	2.56655187442857	-1.13375873376166	0.289800306091999	0.441269539920607	-6.15689046662395
"hsa-miR-505*"	"hsa-miR-505*"	0	"Homo sapiens"	"hsa-miR-505*"	""	NA	-0.153252737333335	4.85444756257143	-1.13287539400674	0.290149834468344	0.441269539920607	-6.15784768076811
"hsa-miR-502-5p"	"hsa-miR-502-5p"	0	"Homo sapiens"	"hsa-miR-502-5p"	""	NA	-0.141030203500001	3.02655301228571	-1.11972953829443	0.295391678757614	0.446913835218774	-6.1720292985024
"hsa-miR-181d"	"hsa-miR-181d"	0	"Homo sapiens"	"hsa-miR-181d"	""	NA	0.375613684083333	5.93101608257143	1.09381542346524	0.30594654072669	0.460496855114399	-6.19963202193584
"hsa-miR-889"	"hsa-miR-889"	0	"Homo sapiens"	"hsa-miR-889"	""	NA	-0.351725736916667	2.22884205928571	-1.07416164265615	0.314149343805809	0.47041850457075	-6.22024893224873
"hsa-miR-24"	"hsa-miR-24"	0	"Homo sapiens"	"hsa-miR-24"	""	NA	-0.153263534166665	10.3057698542857	-1.05342478213759	0.32299071981099	0.480756888414307	-6.24169967593557
"hsa-miR-449a"	"hsa-miR-449a"	0	"Homo sapiens"	"hsa-miR-449a"	""	NA	-0.137751055	2.14490205183333	-0.983448406361964	0.358234223866299	0.507818849451623	-6.24268963154117
"hsa-miR-22*"	"hsa-miR-22*"	0	"Homo sapiens"	"hsa-miR-22*"	""	NA	-0.160077337000001	5.1089625	-1.04535690052107	0.326482591161998	0.480756888414307	-6.24996033736751
"hsa-miR-92a"	"hsa-miR-92a"	0	"Homo sapiens"	"hsa-miR-92a"	""	NA	-0.143307644	9.20977643171429	-1.04056162502854	0.328571905459861	0.480756888414307	-6.25484744482862
"hsa-miR-652"	"hsa-miR-652"	0	"Homo sapiens"	"hsa-miR-652"	""	NA	-0.170800076083334	7.22813504685714	-1.04014122661397	0.328755567681433	0.480756888414307	-6.25527508259821
"hsa-miR-411"	"hsa-miR-411"	0	"Homo sapiens"	"hsa-miR-411"	""	NA	-0.3597395755	3.44064875728571	-1.03892915273601	0.3292855400098	0.480756888414307	-6.25650729514928
"hsa-let-7g"	"hsa-let-7g"	0	"Homo sapiens"	"hsa-let-7g"	""	NA	-0.124501687000002	9.73848343685714	-1.03040648060906	0.333030733588285	0.482186304738421	-6.26514073525998
"hsa-miR-186"	"hsa-miR-186"	0	"Homo sapiens"	"hsa-miR-186"	""	NA	-0.171773486916665	6.15723484342857	-1.02919167009669	0.333567238209456	0.482186304738421	-6.26636692546967
"hsa-miR-410"	"hsa-miR-410"	0	"Homo sapiens"	"hsa-miR-410"	""	NA	0.431584288750001	6.14973680957143	1.02527285060628	0.335302477846716	0.482307012469168	-6.27031492977445
"hsa-let-7b"	"hsa-let-7b"	0	"Homo sapiens"	"hsa-let-7b"	""	NA	0.183747982916664	9.62809677571429	1.0057432800438	0.344053811348329	0.49246918094957	-6.28981758673216
"hsa-miR-542-5p"	"hsa-miR-542-5p"	0	"Homo sapiens"	"hsa-miR-542-5p"	""	NA	-0.366447700166666	3.35609031885714	-0.974841096343584	0.358255763654227	0.507818849451623	-6.32008257290275
"hsa-miR-376c"	"hsa-miR-376c"	0	"Homo sapiens"	"hsa-miR-376c"	""	NA	-0.342730787833332	6.58700015985714	-0.946443405224207	0.37169174011692	0.524318783160099	-6.34723965938935
"hsa-miR-452"	"hsa-miR-452"	0	"Homo sapiens"	"hsa-miR-452"	""	NA	-0.231465836333333	3.05285840816667	-0.866502091155047	0.415000487896919	0.558433836248389	-6.35116572190422
"hsa-miR-146a"	"hsa-miR-146a"	0	"Homo sapiens"	"hsa-miR-146a"	""	NA	-0.180240166499999	8.67432290714286	-0.940590786985478	0.374506814459967	0.5257499510688	-6.35275739420429
"hsa-miR-532-5p"	"hsa-miR-532-5p"	0	"Homo sapiens"	"hsa-miR-532-5p"	""	NA	-0.126353888833334	4.75159766114286	-0.920505860759125	0.384287305489593	0.531940444191576	-6.37148459793049
"hsa-miR-92a-1*"	"hsa-miR-92a-1*"	0	"Homo sapiens"	"hsa-miR-92a-1*"	""	NA	-0.14246340975	1.72267696128571	-0.918394783989884	0.385326088969348	0.531940444191576	-6.37343409445224
"hsa-miR-181a*"	"hsa-miR-181a*"	0	"Homo sapiens"	"hsa-miR-181a*"	""	NA	0.253139423166668	4.36607109128571	0.917717198682749	0.385659938801801	0.531940444191576	-6.37405905279901
"hsa-miR-337-3p"	"hsa-miR-337-3p"	0	"Homo sapiens"	"hsa-miR-337-3p"	""	NA	-0.277672747916667	3.216753646	-0.916615229551377	0.386203336193884	0.531940444191576	-6.37507463903873
"hsa-miR-425"	"hsa-miR-425"	0	"Homo sapiens"	"hsa-miR-425"	""	NA	-0.132812302250001	8.37871791685714	-0.902686751386144	0.393119879944771	0.538924905839781	-6.38782612448379
"hsa-let-7a"	"hsa-let-7a"	0	"Homo sapiens"	"hsa-let-7a"	""	NA	-0.110847758333337	10.3354591771429	-0.886906133785098	0.401064129384047	0.547246382150196	-6.40208123361005
"hsa-miR-668"	"hsa-miR-668"	0	"Homo sapiens"	"hsa-miR-668"	""	NA	0.47407144225	2.07259202116667	0.734996229847791	0.486293040387301	0.620076715253677	-6.40221420250905
"hsa-miR-574-3p"	"hsa-miR-574-3p"	0	"Homo sapiens"	"hsa-miR-574-3p"	""	NA	0.268298974916665	6.89363508128571	0.867178554418775	0.411156679251792	0.558408141123364	-6.41961170444342
"hsa-miR-29c*"	"hsa-miR-29c*"	0	"Homo sapiens"	"hsa-miR-29c*"	""	NA	-0.128031084833332	4.84429014042857	-0.862418752947772	0.41361860596866	0.558433836248389	-6.42379270726496
"hsa-miR-155"	"hsa-miR-155"	0	"Homo sapiens"	"hsa-miR-155"	""	NA	0.131787339666666	5.32173838757143	0.853610118225011	0.418202218129804	0.560160769238086	-6.43147991348555
"hsa-miR-532-3p"	"hsa-miR-532-3p"	0	"Homo sapiens"	"hsa-miR-532-3p"	""	NA	-0.121043042583334	4.18692827742857	-0.835060486352642	0.427971230434728	0.570628307246304	-6.44745300843482
"hsa-miR-154*"	"hsa-miR-154*"	0	"Homo sapiens"	"hsa-miR-154*"	""	NA	0.5338619005	3.99578044814286	0.811619858192724	0.440541764136084	0.584719068762439	-6.46721632504862
"hsa-miR-939"	"hsa-miR-939"	0	"Homo sapiens"	"hsa-miR-939"	""	NA	0.184300171500002	3.50737279371429	0.807748436792133	0.442642084067258	0.584848364468956	-6.47043470680678
"hsa-miR-766"	"hsa-miR-766"	0	"Homo sapiens"	"hsa-miR-766"	""	NA	-0.139401966249998	6.74790048157143	-0.796480548291245	0.448794052827763	0.588120770472711	-6.47972759688623
"hsa-miR-376a"	"hsa-miR-376a"	0	"Homo sapiens"	"hsa-miR-376a"	""	NA	-0.304125594	5.86564571528571	-0.795837243153183	0.449147026765119	0.588120770472711	-6.48025479732363
"hsa-miR-19b-1*"	"hsa-miR-19b-1*"	0	"Homo sapiens"	"hsa-miR-19b-1*"	""	NA	-0.108331625083334	4.50884860357143	-0.791631261017528	0.451459442074066	0.58850962984655	-6.48369273630839
"hsa-miR-501-3p"	"hsa-miR-501-3p"	0	"Homo sapiens"	"hsa-miR-501-3p"	""	NA	-0.131364666166666	3.13528940614286	-0.777747978133995	0.459149432578547	0.595873930279714	-6.49493033097992
"hsa-miR-423-5p"	"hsa-miR-423-5p"	0	"Homo sapiens"	"hsa-miR-423-5p"	""	NA	-0.141094187000002	6.37528966628571	-0.751258177746931	0.474064218951238	0.612507751919299	-6.51589740660925
"hsa-miR-1227"	"hsa-miR-1227"	0	"Homo sapiens"	"hsa-miR-1227"	""	NA	0.44736196425	2.22895231914286	0.736788707526466	0.482344401223447	0.618385381976564	-6.52708441070277
"hsa-let-7i"	"hsa-let-7i"	0	"Homo sapiens"	"hsa-let-7i"	""	NA	-0.0971725791666689	10.0373017885714	-0.735912433526961	0.482848859899509	0.618385381976564	-6.52775581971156
"hsa-miR-107"	"hsa-miR-107"	0	"Homo sapiens"	"hsa-miR-107"	""	NA	-0.0944734859166712	9.88927515357143	-0.703027857782907	0.502026809443854	0.637355775467849	-6.5524460086199
"hsa-miR-93"	"hsa-miR-93"	0	"Homo sapiens"	"hsa-miR-93"	""	NA	-0.120993837	8.35017390157143	-0.698202096802839	0.504881351498241	0.638204998430677	-6.55598569399492
"hsa-miR-23a*"	"hsa-miR-23a*"	0	"Homo sapiens"	"hsa-miR-23a*"	""	NA	0.118853075	2.36166786485714	0.687085111082781	0.511496129001783	0.640655869024069	-6.56405789333171
"hsa-miR-638"	"hsa-miR-638"	0	"Homo sapiens"	"hsa-miR-638"	""	NA	-0.147719277999999	4.412586452	-0.684449781905602	0.513072105884721	0.640655869024069	-6.56595460341867
"hsa-miR-324-3p"	"hsa-miR-324-3p"	0	"Homo sapiens"	"hsa-miR-324-3p"	""	NA	-0.0913238287499984	7.582615004	-0.68389826553046	0.51340230599874	0.640655869024069	-6.56635072441948
"hsa-miR-151-5p"	"hsa-miR-151-5p"	0	"Homo sapiens"	"hsa-miR-151-5p"	""	NA	-0.0796840234166662	9.264556079	-0.662049271659687	0.526589674852008	0.652338108822127	-6.58181460073088
"hsa-miR-103"	"hsa-miR-103"	0	"Homo sapiens"	"hsa-miR-103"	""	NA	-0.0939121724999996	10.4707017314286	-0.660993421519179	0.527232170143911	0.652338108822127	-6.58255053345636
"hsa-let-7c"	"hsa-let-7c"	0	"Homo sapiens"	"hsa-let-7c"	""	NA	0.128980016083335	7.338813329	0.648539592803399	0.534846471030942	0.658966960088756	-6.59115143573003
"hsa-miR-299-3p"	"hsa-miR-299-3p"	0	"Homo sapiens"	"hsa-miR-299-3p"	""	NA	0.153396786666666	2.963097943	0.610820597339147	0.558308303717147	0.684983296997508	-6.61629963235115
"hsa-miR-191"	"hsa-miR-191"	0	"Homo sapiens"	"hsa-miR-191"	""	NA	-0.0916394126666664	2.822480788	-0.588002581155031	0.572788262512881	0.694817026165975	-6.63084743363663
"hsa-miR-30b*"	"hsa-miR-30b*"	0	"Homo sapiens"	"hsa-miR-30b*"	""	NA	0.0852030870000005	3.80483206928571	0.587396708411849	0.573175636020671	0.694817026165975	-6.63122681069323
"hsa-miR-623"	"hsa-miR-623"	0	"Homo sapiens"	"hsa-miR-623"	""	NA	0.362343598750001	3.396473045	0.586948973137241	0.573461997623288	0.694817026165975	-6.63150693717675
"hsa-miR-1238"	"hsa-miR-1238"	0	"Homo sapiens"	"hsa-miR-1238"	""	NA	0.0542587505000003	2.23044315783333	0.297832960741884	0.774498854328951	0.850201749864864	-6.64539562238701
"kshv-miR-K12-3"	"kshv-miR-K12-3"	0	"Kaposi's sarcoma-associated herpesvirus KSHV"	"kshv-miR-K12-3"	""	NA	-0.165631484333333	2.50207262985714	-0.563419257826786	0.588624501021259	0.706220277600315	-6.64595201512052
"hsa-miR-361-5p"	"hsa-miR-361-5p"	0	"Homo sapiens"	"hsa-miR-361-5p"	""	NA	-0.0932875322500006	7.52709520871429	-0.561927678746314	0.589593112194715	0.706220277600315	-6.64684936011061
"hsa-miR-181b"	"hsa-miR-181b"	0	"Homo sapiens"	"hsa-miR-181b"	""	NA	0.168587990166666	4.98476365171429	0.561102618179507	0.590129273063277	0.706220277600315	-6.64734477954263
"hsa-miR-376a*"	"hsa-miR-376a*"	0	"Homo sapiens"	"hsa-miR-376a*"	""	NA	-0.118844935333334	4.33668226271429	-0.556084969860551	0.593395742287502	0.707230843869186	-6.65034321810702
"hsa-miR-550*"	"hsa-miR-550*"	0	"Homo sapiens"	"hsa-miR-550*"	""	NA	-0.0878252243333337	4.21074788285714	-0.537460127535063	0.60560649297457	0.71884998353079	-6.66125478723731
"hsa-miR-182"	"hsa-miR-182"	0	"Homo sapiens"	"hsa-miR-182"	""	NA	-0.115271070583334	1.53900660614286	-0.532852895498251	0.608647770467068	0.71953501609872	-6.66390073092781
"hsa-miR-758"	"hsa-miR-758"	0	"Homo sapiens"	"hsa-miR-758"	""	NA	0.153820088666667	4.82252744185714	0.524295583603823	0.614318057244012	0.723309970626014	-6.66875892442852
"hsa-miR-370"	"hsa-miR-370"	0	"Homo sapiens"	"hsa-miR-370"	""	NA	0.179263089416667	3.19144837742857	0.50931574987686	0.62431067802406	0.726967674822047	-6.67708650616164
