"GSM1287710"	"GSM1287711"	"GSM1287712"	"GSM1287713"	"GSM1287721"	"GSM1287723"	"GSM1287724"	"GSM1287726"	"GSM1287728"	"GSM1287730"	"GSM1287731"	"GSM1287732"	"GSM1287733"
"hsa-let-7a"	4.088329911	4.042278024	3.363352985	4.056901556	4.560848452	4.419693702	4.524616618	2.06218639	4.348508981	4.334002649	4.16864059	3.752349203	3.751707686
"hsa-let-7b"	0.711844035	0.95867043	0.437075418	0.83656638	1.145929293	1.201201163	1.483154804	1.848338261	1.255286595	0.981659037	1.597729456	1.22579777	1.829046624
"hsa-let-7c"	1.216962586	1.357995241	1.248889712	1.381575152	1.203235119	1.261876344	1.692062521	1.589173122	1.462350295	1.635019655	1.828163591	1.39910135	1.680090727
"hsa-let-7d"	0.055047443	0.086094186	-0.071378634	-0.321727379	-0.280926966	-0.31574645	-0.525192177	-0.519091235	-0.221461628	-0.031970239	0.002064328	-0.213895707	-0.426360194
"hsa-let-7d*"	-0.437629453	-0.486805012	-0.677817192	-1.09176357	-0.482219864	-0.740988726	-0.690073899	-0.759036493	-0.598259328	-0.446700211	-0.433439188	-0.563718223	-0.68766359
"hsa-let-7e"	-1.323262689	-1.2806828	-1.972036923	-0.927550996	-1.691191243	-1.61515873	-1.099380201	-1.312880727	-0.919169563	-0.656839801	-1.80695116	-1.628610154	-1.4006604
"hsa-let-7f"	3.422943484	3.509553962	3.205823969	3.466075073	3.346342568	3.347711997	3.503701368	3.400722915	3.309538952	3.300288411	3.297740476	3.306189339	3.250263437
"hsa-let-7g"	3.006230102	3.169843841	3.098658753	3.374566628	3.477033807	3.258070485	3.376723294	3.380510166	3.296534723	3.086180577	3.19824635	3.10716529	3.169212938
"hsa-let-7i"	1.133581746	1.085849177	0.934716081	0.922327572	0.645501312	0.637994439	0.521376463	0.522994193	0.459341526	0.802295852	1.138660084	0.405761809	0.663952633
"hsa-miR-1"	-3.939345192	-3.502996036	-2.639659389	-2.472670653	-4.811726363	-3.533394045	-5.672919374	-3.02848261	-4.244774831	-4.733981245	-5.616932008	-2.984114151	-2.758831079
"hsa-miR-100"	-8.454324269	-7.117665602	NA	-6.089730681	-6.184044368	-7.232008883	-6.811231915	-4.548926776	-5.948445343	NA	NA	-6.45328185	NA
"hsa-miR-103"	4.757807184	5.046772831	4.336364124	4.76860724	4.575481247	4.368410553	4.191876491	4.256020846	4.399640746	4.545790515	4.399696274	4.311537075	3.9815708
"hsa-miR-106a"	3.739761488	3.567144386	3.562662745	3.868385293	4.006554465	3.917078501	4.207245001	4.340356099	4.086301408	3.602584274	4.145231609	3.97055228	4.234866366
"hsa-miR-106b"	0.785309316	0.965589342	1.052751725	0.941105936	1.139329864	1.010135195	1.293033587	1.307823872	0.814726978	1.044215197	1.478146108	1.059172131	1.254959773
"hsa-miR-107"	3.558042529	3.408434633	3.173779292	3.345827659	3.237849873	3.332433615	2.594867008	2.500441426	3.134935002	3.447473497	3.109289113	3.040006396	2.872339766
"hsa-miR-10a"	-0.457815154	-1.753831329	-0.538544553	-0.051570269	-0.384756017	-0.3529971	0.746730935	1.351561636	-0.140981432	-0.873145174	0.543100552	0.747989366	1.167939094
"hsa-miR-10b"	-2.610135353	-4.062928604	-2.174623095	-3.207506601	-2.087919409	-2.252465568	-1.765754507	-1.180810219	-1.912049953	-3.082718262	-1.090883292	-1.486343674	-0.896277332
"hsa-miR-122"	NA	NA	NA	NA	NA	NA	NA	NA	NA	NA	NA	NA	NA
"hsa-miR-124"	-7.595395325	-9.530170915	-8.081450817	-6.825673275	-4.471904078	NA	-7.62051899	-7.332501762	-5.587736423	NA	-7.995955512	NA	-6.979950332
"hsa-miR-125a-5p"	1.031784062	0.909445298	0.900864205	1.158493563	1.524016312	1.707456539	1.343521879	1.770286214	1.65875494	1.714242292	1.174242175	1.462514256	1.699748266
"hsa-miR-125b"	-0.178511491	-1.152531252	-0.260940625	0.520662952	0.31111106	0.655336339	1.545230989	1.91670599	0.403775195	-0.205348572	0.725632166	1.129531428	1.325365515
"hsa-miR-126"	4.683982335	5.156214652	4.622462377	4.901182204	4.475378008	4.641044609	4.502559434	4.741009425	4.719813815	4.810751845	4.230954002	4.797603727	4.485543903
"hsa-miR-127-3p"	-2.58436699	-2.230039007	-2.393023811	-2.979982929	-5.442227127	-3.056814687	-3.881453395	-3.999844288	-4.319396781	-2.90573579	-5.71612764	-2.534299577	-3.10101632
"hsa-miR-127-5p"	-6.502041236	-7.259282065	-6.44589339	-8.950150208	NA	-7.882479939	NA	NA	NA	-8.176269802	NA	NA	NA
"hsa-miR-128"	NA	-1.339007402	NA	-1.887488851	-1.943247072	NA	NA	-1.456784895	-1.750486287	NA	NA	-1.747355858	NA
"hsa-miR-129-5p"	NA	NA	NA	NA	NA	NA	NA	NA	NA	NA	NA	NA	NA
"hsa-miR-130a"	0.074326957	0.351770072	-0.297629304	0.003160519	-0.330367823	-0.121307905	-0.15945401	0.31794322	-0.486897919	-0.198634502	-0.039633482	0.043165466	0.223442275
"hsa-miR-130b"	-3.925677844	-3.849712285	-4.327744321	-3.77068494	-4.417820747	-4.095890478	-3.839018819	-4.002703998	-4.405676339	-3.96724179	-3.857212241	-4.533400626	-3.874877977
"hsa-miR-132"	-4.414283394	-4.274776602	-4.163363545	-4.90494967	-4.519095106	-4.306124435	NA	-5.042669345	-4.516760202	-4.297197115	-4.650643287	-4.39227153	-5.683215917
"hsa-miR-133a"	-2.203265439	-2.742909643	-1.537487564	-1.827212441	-3.403913412	-3.022593876	-3.404641076	-2.201478638	-2.829686033	-3.109574027	-3.854529242	-1.946675961	-1.010045798
"hsa-miR-133b"	-3.65702259	-4.280508105	-3.06367407	-3.316946669	-3.734274967	-4.659269832	-5.537765765	-3.428585792	-4.726398445	-4.445897786	-4.918700119	-3.223500652	-2.413420315
"hsa-miR-134"	NA	NA	NA	NA	NA	NA	NA	NA	NA	NA	NA	NA	NA
"hsa-miR-135a"	-6.701083026	-6.677360482	-8.139334422	-7.117170843	-7.267845437	-7.532746266	-6.53132251	-6.968287543	-7.446884974	-6.140275647	-7.068604053	NA	-6.077532748
"hsa-miR-135b"	NA	NA	NA	NA	NA	NA	NA	NA	NA	NA	NA	NA	NA
"hsa-miR-137"	NA	NA	NA	NA	NA	NA	NA	NA	NA	NA	NA	NA	NA
"hsa-miR-138"	NA	-8.476688659	NA	-8.141829572	NA	-7.876032062	NA	NA	NA	-7.981058702	NA	-7.704332059	NA
"hsa-miR-139-5p"	-1.018561974	-1.29158613	-1.221154265	-1.769075565	-1.506492306	-1.275345519	-2.243322087	-1.711774203	-1.385166826	-0.962386427	-2.766184365	-0.725855439	-3.074142152
"hsa-miR-140-3p"	0.233229128	-0.062426375	0.436979607	0.374667141	0.727118824	0.13613761	0.531853264	0.420285175	0.307485547	0.213898624	0.927433179	0.442377383	0.489079762
"hsa-miR-140-5p"	-1.453560173	-1.06220712	-1.478092768	-1.417884436	-0.848161259	-1.278819677	-1.001778099	-0.791142092	-1.130678289	-1.04630024	-0.42668089	-1.368828562	-1.272759356
"hsa-miR-141"	-4.934832217	-4.761415286	-4.638071573	-4.796259862	-4.214026601	-5.608247459	-4.719156439	-6.429329584	-4.895197043	-4.676827004	-4.500800182	-5.615143629	-5.803084764
"hsa-miR-142-3p"	6.524696095	6.929463977	6.839357185	7.004504642	6.958815677	6.912088591	6.797666619	6.63191592	7.047557379	6.966481921	6.801020527	6.622556717	6.487349366
"hsa-miR-142-5p"	1.770328185	2.117235788	2.014879909	1.819099475	1.733981624	1.634655719	1.20593396	1.374326697	1.816183593	1.569372726	1.647712046	1.254411906	1.373782145
"hsa-miR-143"	-1.505800409	-0.827164626	-1.214576442	-1.872336278	-0.989798293	-1.862421955	-2.685397158	-2.455653877	-0.918650727	-1.958098723	-2.190374297	-2.175924954	-2.987750469
"hsa-miR-145"	-0.55277666	-0.311566708	-0.773299571	-0.956431767	-0.4146364	-1.312147037	-2.054164524	-1.821625673	-0.526960225	-1.056283351	-2.378986364	-0.905279073	-2.001404809
"hsa-miR-146a"	-0.240720067	-0.028041567	-0.432729749	0.129914202	-1.089983707	-0.837730042	-0.005885108	0.419655513	-0.626430221	-0.688765206	-0.331190822	0.078659161	-0.745878135
"hsa-miR-146b-5p"	-1.946922481	-3.332201823	-2.083393542	-2.092394125	-2.253015239	-1.537412615	-1.631885948	-0.48657887	-1.795195196	-1.906345817	-1.090984048	-1.105995294	-1.339293257
"hsa-miR-147"	NA	NA	NA	NA	NA	NA	NA	NA	NA	NA	NA	NA	NA
"hsa-miR-147b"	-7.520169076	-9.283399599	NA	-8.607549799	NA	NA	NA	NA	-7.888300496	NA	NA	NA	NA
"hsa-miR-148a"	-2.337046554	-1.108143849	-1.044134836	-2.292926116	-2.706175751	-2.103629433	-2.105025207	-3.396996444	-1.851288636	-1.684178473	-2.271711828	-3.126265879	NA
"hsa-miR-148b"	0.80328224	1.227749049	0.589559816	1.054715347	0.742207061	0.740589161	-0.013354646	0.027693616	0.554371337	0.691358099	0.039191644	0.436159507	-0.182656711
"hsa-miR-149"	NA	-9.423164214	NA	-8.45327615	-6.539644375	NA	NA	NA	NA	-8.14987907	-7.748393205	NA	NA
"hsa-miR-150"	2.206940206	2.192234146	3.334881819	3.248208761	2.898309297	1.830599403	2.912908002	1.718342221	2.334914923	2.551133119	2.141573373	3.141261678	2.133297541
"hsa-miR-151-3p"	-1.198434139	-0.030552833	NA	-0.227149915	-1.011553844	-0.857572176	-1.508687999	-1.764675095	-0.662856448	NA	-2.687158725	-0.89543908	NA
"hsa-miR-151-5p"	2.02245026	2.376467303	2.007414381	1.989838861	1.187527144	1.160600379	0.92701947	0.217288549	1.345962662	1.403057296	0.314855024	1.279424984	0.606886973
"hsa-miR-152"	-2.011793265	-1.939076667	-0.962056395	-1.794016037	-2.742400047	-2.860296981	-2.836530666	-2.88678992	-2.602603761	-2.019906854	-3.151885325	-2.415341992	-3.012854234
"hsa-miR-153"	-4.799858245	-5.008538715	-4.566839283	-5.34686947	-5.30413627	-5.952236917	-5.685766142	-6.692301579	-5.098201775	-6.538544301	-6.189151198	-5.704547009	-6.034598576
"hsa-miR-154"	-3.040633529	-2.274273379	-1.4389487	-3.568020489	-4.236847083	-3.648301783	-5.676379058	-5.494945176	-5.086445827	-3.762629133	-6.373914827	-2.950055443	-3.27994082
"hsa-miR-154*"	NA	-5.721421675	-4.809265966	-8.022096151	NA	-7.693523489	NA	NA	NA	-7.214966364	NA	NA	-7.652732495
"hsa-miR-155"	0.213761128	-0.7935658	-0.028571874	0.816265047	1.500033898	0.92492149	1.422493795	1.57742394	1.251816227	0.477647556	1.137900453	1.008490632	1.394953531
"hsa-miR-15a"	3.868990824	4.197178818	3.797554864	4.152844177	4.587740594	4.140845262	4.025810414	4.254954307	4.324436507	4.035460612	4.463279063	3.856870981	3.901420807
"hsa-miR-15b"	3.137893683	3.406835875	3.296835442	2.976953294	3.082614786	3.175228539	3.265152074	3.253216815	3.254752538	3.093634811	3.155630513	3.104038008	3.006432989
"hsa-miR-16"	4.577393931	3.986361565	4.810924266	4.182268804	4.860293328	4.449099118	4.563474615	4.469599944	4.828103367	4.394544277	4.680879819	4.173973474	4.819008797
"hsa-miR-17"	3.792287061	3.746146464	3.598344577	3.936834388	4.025786475	4.035606966	4.249714431	4.343565701	4.197669635	3.552748961	4.236946833	4.078922901	4.293623318
"hsa-miR-181a"	3.643686583	2.329024792	3.183927845	2.766678774	4.039821971	3.848978124	4.570708556	4.331973936	3.950757812	3.227708754	4.302336547	3.754955465	4.004320683
"hsa-miR-181a*"	-2.798853903	-4.678959069	-3.731470827	-5.014429002	-3.370271752	-2.953823501	-1.655473843	-2.312227144	-3.003779485	-3.866056181	-2.615094058	-3.466614967	-3.062171071
"hsa-miR-181b"	-0.971333648	-2.810509646	-1.75492658	-2.140292951	-0.468067847	-0.883572246	0.176191322	-0.067953716	-0.693030255	-1.191092757	0.311541989	-0.813027443	-0.633738038
"hsa-miR-181c"	-2.476487894	-3.291353634	-2.794540675	-3.167818904	-2.704605151	-2.380816745	-2.174127925	-1.536033917	-2.318780626	-3.243594153	-1.734035184	-1.96866109	-1.659271078
"hsa-miR-181d"	-0.133595526	-1.486402191	-0.709481369	-0.669630513	0.305801293	-0.039317956	0.958030333	1.042170441	-0.156726375	-0.494208555	0.812203348	0.406647731	0.178198438
"hsa-miR-182"	-5.591278444	-4.074747399	-5.529234149	-5.73772094	-5.803216551	-5.283768642	-6.910894969	-7.580703379	-6.822429487	-4.530678362	-6.607742515	-5.568879879	-6.833333263
"hsa-miR-185"	1.77527162	1.883560988	1.812188338	1.63625729	1.359356766	1.30105067	0.999410936	0.738043203	1.577151831	1.63873596	1.075372992	1.383347917	0.828078232
"hsa-miR-185*"	NA	NA	NA	NA	NA	NA	NA	NA	NA	NA	NA	NA	NA
"hsa-miR-186"	0.260731177	0.170710181	0.261917149	0.169568462	-0.05432024	0.234615585	0.423563247	0.370779715	0.336959733	0.055542785	0.511114124	0.171133305	0.243265142
"hsa-miR-187"	-7.696636845	NA	-6.807152542	-7.858265189	NA	NA	NA	NA	-7.53042931	-7.465439096	NA	-6.936607216	-7.932442081
"hsa-miR-188-5p"	-7.5474833	-8.525764905	NA	-7.575076513	-7.439250434	-7.068362491	NA	-7.436958529	-7.713279359	-7.952361339	-6.322853075	NA	NA
"hsa-miR-18a"	-0.949217888	-0.576974957	-1.039102043	-0.791215485	-0.908104439	-0.98057514	-1.038918661	-1.423868909	-0.709129419	-1.09861161	-1.006564283	-1.226514412	-1.500826992
"hsa-miR-18a*"	-3.686547903	-3.692410793	-4.004314216	-3.100477148	-2.815323128	-2.906111471	-1.845359637	-2.901325763	-2.933829954	-3.323588233	-2.348769273	-2.481692503	-2.381717702
"hsa-miR-18b"	-0.250391472	0.34294093	-0.161175501	0.190913993	0.235717536	-0.045184718	-0.015957027	-0.137751344	0.230041583	-0.224288215	0.453435251	-0.452571892	-0.639081944
"hsa-miR-191"	1.769420913	1.863741976	1.802981574	1.524816517	1.36818118	1.693138136	1.470426135	1.174919785	1.444502631	1.964116504	1.547728936	1.489891646	1.236179151
"hsa-miR-192"	-3.74244032	-3.519185217	-3.513079719	-3.827407941	-3.661694571	-3.946245499	-2.629876167	-2.820366273	-2.821908614	-3.780896811	-3.323432093	-3.13003893	-3.594314662
"hsa-miR-193a-3p"	-8.550080808	-8.372900579	NA	-8.648990774	-7.221337137	NA	-6.917048505	NA	NA	-8.166694403	-6.052650286	-6.891671807	-7.892462565
"hsa-miR-193a-5p"	-8.68027221	-9.758431803	NA	NA	NA	-8.609724872	NA	NA	NA	-8.886690521	-7.357244913	NA	-7.69553086
"hsa-miR-193b"	-6.411956227	-6.676018179	-5.319554781	-5.850392787	-6.261993958	-8.705535561	-5.29106757	-7.342427113	-5.376517327	-5.529703757	-5.126516955	-4.551825697	-6.179992491
"hsa-miR-194"	-5.183046768	-5.485618207	-5.693966441	-5.569392763	-4.982475076	-5.539229787	-5.217353619	-5.689754327	-5.211572125	-5.190103614	-5.116911218	-5.490053345	-5.327460145
"hsa-miR-195"	-4.681503703	-2.698128508	-3.716446361	-3.530154019	-3.473377801	-3.639439459	-3.317365952	-4.148699984	-3.78827891	-3.450298339	-3.689121743	-4.207385286	-3.744564453
"hsa-miR-196a"	-6.338419946	-6.794104268	-4.72843093	-4.916049735	-4.147060962	-4.838349552	-4.130397328	-4.949288533	-4.398647148	-5.432041212	-4.947273957	-5.390993877	-4.656117518
"hsa-miR-196b"	-0.80056596	-0.469808737	-0.024930457	0.368518052	1.086835423	-0.016264869	0.814996547	1.277668872	1.000210426	-0.392969634	0.347936776	0.545092469	1.741734945
"hsa-miR-197"	-0.307252778	-0.100279792	-0.444821456	-0.052986102	0.483632764	-0.134327068	0.240266662	0.132979644	0.40843511	-0.211718204	0.51566138	-0.053797022	-0.074645674
"hsa-miR-1979"	3.68804977	3.289519811	3.429322385	3.344203308	4.222063073	4.019918032	4.489178078	4.369138024	4.172469937	4.424547765	4.540167766	3.963929738	4.813156536
"hsa-miR-199a-3p"	0.695036133	1.177962789	0.554389044	0.295269474	-0.537950894	-0.24930685	-0.745286037	-1.330786917	-0.319717721	0.305520587	-1.114799716	-0.107428795	-1.121431901
"hsa-miR-199a-5p"	1.767995009	2.083140194	1.697175103	1.662564469	0.523495182	0.939975739	0.461668499	-0.248307048	0.833476317	0.968855987	-0.373821332	0.87119315	-0.138444319
"hsa-miR-199b-5p"	-3.116709873	-3.611873086	-3.629680771	-3.758296382	-2.758957772	-2.846263014	-2.55103837	-2.548144412	-2.672688634	-2.801163865	-2.176046589	-2.633570735	-2.006595189
"hsa-miR-19a"	4.55184866	4.437417892	4.653926469	4.486266505	4.644838395	4.680218915	4.975122498	5.28465475	4.635026123	4.382404896	5.005916342	4.764795321	5.199896352
"hsa-miR-19b"	5.301471176	5.006828692	5.262460083	5.366481861	5.60644409	5.577958471	5.859358497	6.151677896	5.663423125	5.160347693	5.872583078	5.637126982	5.987972467
"hsa-miR-200a"	-6.912272586	-7.481336785	-7.523363265	-7.686195895	-7.340862028	-8.083816807	-5.993564181	-6.52584306	-6.008974476	-7.779208915	-6.445297557	-6.575476194	-4.722262646
"hsa-miR-200b"	-8.172627787	-7.38109824	-8.048674404	-7.851105325	-6.986919931	-8.003986709	-7.614855456	NA	-7.549103004	-7.39365357	-6.606485626	-6.853491898	-6.283247697
"hsa-miR-200c"	-3.761799316	-3.772577093	-4.311696848	-3.81151156	-4.372721909	-4.311182468	-4.241418585	-4.861016955	-4.048662488	-3.333093582	-3.916938271	-3.70048211	-4.843600712
"hsa-miR-204"	-6.390956029	-7.609192803	-8.41134414	NA	NA	-7.008222647	-4.932980971	NA	-8.56748622	-6.692093995	NA	NA	NA
"hsa-miR-205"	-7.61404167	NA	NA	NA	NA	NA	NA	NA	NA	NA	NA	NA	NA
"hsa-miR-20a"	4.527091067	4.296868261	4.524018583	4.555751789	4.753850392	4.772730205	5.156506207	5.294266907	4.94424423	4.403784121	5.156601937	4.796977969	5.186021814
"hsa-miR-20b"	-0.198623576	-0.651243088	-0.117579498	0.01096508	0.578615677	0.275449845	0.711596259	0.647927695	0.586810666	-0.287381208	0.686969299	0.197825942	0.783626968
"hsa-miR-20b*"	-7.730623143	-8.822479534	-6.830713907	-7.163219584	-5.756508316	-6.913990686	NA	-5.760283219	-6.188490402	-6.837935081	-7.6479387	NA	-5.923400078
"hsa-miR-21"	4.266957406	4.757635067	4.569388259	4.344295212	4.651564293	3.957569998	3.81506586	3.609494446	4.480939457	5.200470947	5.54833273	3.718952758	3.073928456
"hsa-miR-21*"	-5.163189165	-5.706483447	-5.44871792	-5.546448863	-4.060926528	-4.786344214	-4.996360117	-4.793859789	-5.0971358	-5.299492	-3.76579844	-5.920569464	-5.643954206
"hsa-miR-210"	NA	-3.856603109	-4.541635834	-4.131216874	-3.378082467	-3.955460752	-3.821349054	-4.205598572	-3.978350135	-3.635751508	-4.567264637	-3.595151868	-4.230429916
"hsa-miR-211"	NA	NA	-8.766444	NA	NA	NA	NA	NA	NA	-8.142744647	-8.668997729	-7.69772114	NA
"hsa-miR-212"	NA	NA	NA	NA	NA	NA	NA	NA	NA	NA	NA	NA	NA
"hsa-miR-214"	NA	NA	NA	NA	NA	NA	NA	NA	NA	NA	NA	NA	NA
"hsa-miR-215"	-5.339647099	-5.558856176	-5.313700949	-5.917287755	-5.45984599	-5.89839686	-4.81416812	-5.428800877	-5.613558499	-5.949624512	-5.517818105	-5.224970788	-5.980677481
"hsa-miR-216a"	NA	NA	NA	NA	NA	NA	NA	NA	NA	NA	NA	NA	NA
"hsa-miR-217"	NA	NA	NA	NA	NA	NA	NA	-7.555627664	NA	NA	NA	NA	NA
"hsa-miR-218"	NA	NA	NA	NA	-7.212695753	NA	NA	-7.436775748	-8.115996985	NA	NA	NA	NA
"hsa-miR-22"	-1.220890734	-0.801368356	-0.778149972	-1.718030938	-1.775073063	-1.881263212	-2.663805751	-2.921574665	-1.648460697	-1.278403752	-2.174725095	-1.999915048	-2.732802379
"hsa-miR-22*"	-2.189563275	-1.791195859	-2.463686932	-2.528639126	-2.4124591	-2.519372282	-2.973749146	-4.013049906	-2.018892543	-2.622172484	-3.736230845	-2.462948524	-3.071622781
"hsa-miR-221"	2.618171813	2.969900587	2.669985208	2.934786975	2.407712231	2.656534253	2.270050095	2.205648107	2.622264842	2.735974136	2.071213607	2.221531245	2.069311537
"hsa-miR-222"	1.554822973	0.995612531	1.920269559	1.968003671	2.313748114	1.787882404	2.419072544	2.796216548	2.186787255	1.233657362	2.207627438	2.452485276	2.442122664
"hsa-miR-223"	6.862558555	7.145529518	6.837299737	7.199094159	7.445033939	6.872520789	6.684744179	6.783176716	7.183091882	6.900273675	7.142743596	6.744456437	6.389839955
"hsa-miR-224"	-7.544678192	-7.325089949	-8.693825519	-7.330057982	NA	NA	NA	NA	NA	NA	NA	NA	NA
"hsa-miR-23a"	4.528035244	4.960682363	4.529408752	4.432046353	3.911329611	4.303845395	4.337049663	3.794982746	4.31125427	4.367652384	4.351279291	4.102248519	3.955791976
"hsa-miR-23b"	4.252256644	4.47564073	4.101555599	4.005969176	3.751949835	3.994588828	3.859846265	3.745582279	3.818885241	3.987771391	3.816057775	3.727471956	3.650370447
"hsa-miR-24"	3.839656115	4.117703287	4.046853538	4.022169913	3.74660718	3.933334094	3.887558151	3.780728196	4.063140183	3.934483917	3.955980248	3.862143187	3.656151983
"hsa-miR-25"	-0.192338727	-0.211748239	0.031765902	-0.235043371	0.104406198	-0.04664923	0.500836175	0.504178093	0.197710746	-0.001895029	0.617611985	0.286226583	0.497452363
"hsa-miR-26a"	3.988100261	3.750512103	NA	4.719717157	NA	4.704467137	4.234694227	4.549993384	4.278471121	3.832546858	3.900282095	4.443305685	4.036412483
"hsa-miR-26a-2*"	NA	-8.864086189	NA	NA	NA	-8.500434003	-7.895693624	NA	NA	-8.962916092	-8.744586349	NA	NA
"hsa-miR-26b"	1.449768913	1.796557425	1.197173459	1.424480466	1.297425935	1.269882806	1.357415662	1.112565027	0.857750279	1.725983708	1.572587064	1.050009464	1.162864153
"hsa-miR-27a"	3.393233855	3.796190449	3.805799762	NA	NA	3.772785183	3.294103095	3.521240578	3.914063365	3.81967087	3.45472465	NA	3.213417343
"hsa-miR-27b"	NA	3.361256405	NA	2.904015475	NA	2.499247845	2.888438121	NA	NA	2.438442168	2.339355443	2.624284107	NA
"hsa-miR-28-5p"	-0.593752785	-0.16978523	-0.67092619	-0.619770568	-0.502970537	-1.275500936	-0.988035826	-1.230954299	-0.783268621	-0.872696678	-0.830405308	-0.749282819	-1.05657144
"hsa-miR-296-5p"	-5.19868628	-5.205934649	-3.80045109	-4.014552409	-4.297266299	-2.838382104	-4.573956999	-5.229733791	-4.515487046	-3.473823314	-4.834909005	-5.275063628	-3.739365847
"hsa-miR-298"	NA	NA	NA	NA	NA	NA	NA	NA	NA	NA	NA	NA	NA
"hsa-miR-299-3p"	-8.553949346	-9.465022732	NA	NA	NA	NA	NA	NA	NA	NA	NA	NA	NA
"hsa-miR-299-5p"	-4.857416215	-4.543725816	-3.816754081	-4.975787452	-6.642447365	-6.500123472	-6.738133767	-5.962414108	-6.424558823	-5.43323298	-6.854794129	-6.783483276	-4.521200723
"hsa-miR-29a"	-0.32492488	0.000663363	0.391716581	0.221670774	0.187517956	-0.063861831	-0.242316722	0.107260646	-0.026633221	0.159470476	0.205864337	0.170105556	-0.065661482
"hsa-miR-29b"	-1.666331469	-0.830084248	-1.146814816	-0.586441679	-1.326098233	-1.064750725	-1.306155658	-1.816683939	-1.338073326	-0.933910672	-1.146707782	-1.47720866	-3.847129559
"hsa-miR-29b-2*"	-4.560738423	-4.606661059	-4.327603819	-4.052002193	-4.848331561	-4.36450665	-3.561848199	-3.292913069	-4.594088397	-4.787156469	-4.626586257	-5.214784296	-5.163995226
"hsa-miR-29c"	0.358655768	0.759480525	1.023962658	1.073964161	0.579833639	0.030895261	0.319289149	0.738727313	0.53350293	0.804186032	0.377299927	0.725747839	0.394735038
"hsa-miR-301a"	-1.617921151	-1.00804545	-0.790034074	-1.812231902	-2.313018199	-0.92596361	-1.569192912	-2.235938291	-0.670605196	-1.261289418	-1.84598896	-1.900707154	-2.6304791
"hsa-miR-301b"	-4.722003835	-3.758096479	-4.158206978	-3.431375129	-3.388994929	-3.625588942	-4.546335573	-3.89659949	-4.181764894	-4.288904144	-4.346610192	-3.580711669	-4.5377022
"hsa-miR-302a"	NA	NA	NA	NA	NA	NA	NA	NA	NA	NA	NA	NA	NA
"hsa-miR-302d"	NA	NA	NA	NA	NA	NA	NA	NA	NA	NA	NA	NA	NA
"hsa-miR-302d*"	NA	NA	NA	NA	NA	NA	NA	NA	NA	NA	NA	NA	NA
"hsa-miR-30a"	-1.802140577	-0.900898635	-1.084890435	-2.109268103	-2.741443869	-1.674385796	-1.121046882	-2.177200111	-1.423820076	-1.153586863	-1.014703611	-1.969649532	-1.616964721
"hsa-miR-30b"	3.668487418	3.940020525	3.561184016	3.945741234	3.723512002	3.707100965	3.975312457	3.827493451	3.630081873	3.722149038	3.796042724	3.697939113	3.744004305
"hsa-miR-30c"	2.409660696	2.682828262	2.406062412	2.54034237	2.379623254	NA	2.683880621	2.488465715	2.248357523	2.386947277	2.527825067	2.289369411	2.417029101
"hsa-miR-30d"	1.348226988	1.263485644	1.164526829	0.453096414	0.702054128	0.626459372	1.18438538	0.633860018	0.170810011	1.235554043	1.184392006	1.00895859	0.750394741
"hsa-miR-30e"	2.002004802	2.24993592	1.846166861	2.011829194	2.29455636	1.84215567	2.155295553	1.940447259	2.190446568	1.952322469	1.605988234	1.783816733	1.971069941
"hsa-miR-30e*"	-1.474253434	-1.306064023	-1.617231535	-1.453940096	-1.527394982	-1.390701189	-1.434778841	-1.324442421	-1.34071957	-1.670044364	-1.193002349	-1.599886742	-1.524335924
"hsa-miR-31"	NA	-7.102520868	NA	NA	-6.650279854	NA	NA	NA	-6.961222613	-5.523750106	NA	NA	NA
"hsa-miR-31*"	NA	NA	-8.445941043	-8.159635631	NA	-8.703953143	NA	NA	-8.562044835	-8.790312667	-8.417621965	NA	NA
"hsa-miR-32"	-5.245231312	-4.464470028	-5.673598269	-4.535190191	-4.690608345	-4.353223026	-4.109580828	-5.244282137	-5.020983506	-4.966689899	-5.211541025	-5.498061187	-5.556692156
"hsa-miR-320a"	2.217368003	2.14458514	1.596695332	2.064632666	1.675969757	1.945481883	2.48497694	2.384403074	2.21517583	1.800155854	2.215420384	2.211007992	2.360997952
"hsa-miR-323-3p"	-5.991971588	-5.694187533	-5.764880549	-7.79558766	NA	-7.049573527	NA	-7.680347723	-8.626681251	-7.795519318	NA	-6.684040452	-7.316752002
"hsa-miR-324-3p"	-1.433845246	-1.237359652	-1.880315577	-1.457174142	-1.290953388	-1.288641975	-0.874566195	-1.164591453	-1.377231167	-1.594527998	-1.132710613	-1.115940734	-1.529898039
"hsa-miR-324-5p"	-0.893174545	-0.655941844	NA	-0.782372383	-0.6281381	-0.976502726	-0.900423706	-1.198107589	-0.838113797	-1.011575042	-0.864779506	-0.867547141	-1.244653785
"hsa-miR-326"	-0.88273748	-0.545273878	-0.416838063	-0.839027986	-1.417132113	-1.122288873	-2.251428902	-1.589389127	-1.288932905	-1.457074476	-1.957592422	-1.368069924	-1.779022009
"hsa-miR-328"	-1.280118029	-1.088641252	-1.308006341	-1.183179818	-1.349442584	-1.376329326	-1.252409638	-1.476087769	-1.606802299	-1.25300186	-1.570860009	-1.357011735	-1.601226887
"hsa-miR-329"	-4.522657501	-4.229316682	-4.305303003	-5.637914181	NA	-6.870205152	-6.573054816	NA	-8.373581937	-5.087216968	NA	-5.224012278	-5.819203872
"hsa-miR-330-3p"	-4.278083051	-4.451453598	-5.521070405	-4.716795323	-5.518069823	-5.010877586	-5.584847642	-5.467428373	-4.751513346	-4.560754148	-5.601761559	-5.017778532	-4.979971262
"hsa-miR-331-3p"	-0.239663271	0.244064943	-0.445737832	-0.480649427	-0.614615632	-0.402628124	-0.263103347	-0.522817285	-0.424732027	-0.401403938	-0.638944037	-0.616998897	-0.920125431
"hsa-miR-335"	-1.22061211	-0.747737759	-1.013485583	-0.859308499	-1.571691907	-1.253403552	-0.769726345	-0.367304918	-1.48435626	-1.330358044	-1.23505117	-1.203816975	-1.078246283
"hsa-miR-337-3p"	-8.661039946	NA	NA	-8.814296935	NA	-7.15966143	NA	NA	NA	-7.503933916	NA	-7.70347387	NA
"hsa-miR-337-5p"	-7.409128238	-6.29918942	-6.695579063	-8.718417736	NA	-7.581410535	NA	NA	NA	-7.593232317	NA	-7.558420982	NA
"hsa-miR-338-3p"	-0.65690204	-0.121112444	-0.464986299	-0.203611788	0.254725045	-0.065676404	-0.60593158	-0.27877905	-0.100593717	-0.26465939	0.280344405	-0.683889728	-0.635727611
"hsa-miR-339-5p"	-0.849126601	-0.330868332	-1.000224797	-0.752254245	-0.615539276	-0.955983776	-1.051116847	-1.171677876	-0.97629115	-0.577523714	-1.066609162	-0.773977931	-0.960330342
"hsa-miR-33a"	0.083716676	1.033240876	0.310226812	1.352132964	-0.642433291	0.610628529	NA	0.493002319	0.133083272	-0.630204303	0.072719206	NA	NA
"hsa-miR-340"	-3.708298502	-3.085359788	-3.592147503	-4.537403029	-7.466523401	-3.620052897	-3.934950635	-4.414168642	-4.604468605	-3.82326456	-3.931165431	-5.140270205	-6.080551599
"hsa-miR-342-3p"	0.982980042	0.348220144	1.270095132	1.395861848	1.679762811	0.76600859	1.307475388	0.847129015	1.17760708	1.018857283	1.070091385	0.988704835	0.75911992
"hsa-miR-346"	NA	NA	NA	NA	NA	NA	NA	NA	NA	NA	NA	NA	NA
"hsa-miR-34a"	-4.170791629	-3.818713156	-3.168791997	-3.754362666	-1.804961478	-3.312678904	-2.564762024	-2.532669088	-2.080618934	-3.161026645	-1.673388947	-2.963562648	-1.329999346
"hsa-miR-34b"	NA	NA	NA	NA	NA	NA	NA	NA	NA	NA	NA	NA	NA
"hsa-miR-34c-5p"	-8.52065396	-8.841411406	NA	-8.657072386	NA	-8.561904237	-7.576628442	-7.372781638	-8.415921449	-9.275547474	-8.646543988	NA	NA
"hsa-miR-361-3p"	-2.485608016	-2.928134819	-2.041447527	-2.435770145	-1.806397589	-2.687917892	-2.595648995	-1.884605443	-2.120999304	-3.32196941	-2.133500125	-1.936300493	-2.689781774
"hsa-miR-361-5p"	-8.633241008	-9.772597662	NA	NA	NA	-7.713300143	NA	-7.305583405	NA	-8.180303882	-8.320739712	NA	NA
"hsa-miR-362-5p"	-8.370188768	-8.523562416	NA	-8.14513115	-6.796809594	-8.125259845	-7.572555767	NA	-7.119125352	-7.284647204	-6.616859922	NA	-7.552652805
"hsa-miR-363"	-2.355804797	-3.090489054	-2.511583367	-2.615946731	-2.41121463	-2.374330842	-1.731945081	-1.385310796	-2.075039006	-2.270263777	-1.568686954	-2.065513137	-1.287396648
"hsa-miR-363*"	NA	NA	NA	NA	-6.960456616	NA	NA	NA	NA	NA	NA	NA	-7.600498895
"hsa-miR-365"	-4.297322621	-5.450661042	-5.044514728	-3.626116308	-3.0503506	-3.769699089	-4.040702238	-3.267524712	-3.58635442	-3.607636497	-2.460188356	-3.840225758	-3.57528654
"hsa-miR-369-5p"	-5.632913756	-5.839074239	-4.234025626	-6.116885129	NA	-5.891683659	-7.871652108	NA	NA	-6.425939521	-7.777122855	-7.062357528	-7.275225419
"hsa-miR-370"	-3.134447311	-2.709325076	-3.619724103	-4.21484508	-5.009317206	-3.856014504	NA	-4.434302055	-8.137321687	-4.335583673	-6.413305912	-3.879571368	-3.700816922
"hsa-miR-373"	NA	NA	NA	NA	NA	NA	NA	NA	NA	NA	NA	NA	NA
"hsa-miR-373*"	NA	-8.355005199	NA	NA	NA	-7.808757701	NA	-7.350576944	-8.575292038	NA	NA	NA	NA
"hsa-miR-374b"	0.133209389	0.1595623	0.256995388	-0.125745093	-0.414157657	-0.402559969	-0.325349424	-0.445479407	-0.174672815	-0.121345378	-0.038694105	-0.228359789	-0.157378314
"hsa-miR-374b*"	-7.662646986	-7.520685278	-7.181576761	-8.076936583	-6.922670929	-7.35118809	NA	NA	-8.73055029	-7.9085434	-8.027931492	NA	-6.889251519
"hsa-miR-375"	-8.561313227	NA	NA	NA	NA	NA	NA	NA	NA	NA	NA	NA	NA
"hsa-miR-376a"	-1.189460721	-0.766393072	-0.207147034	-2.257383973	-3.992097749	-2.094816763	-3.797323279	-2.828976296	-4.054401026	-1.701800706	-4.397749655	-2.110049943	-2.071070472
"hsa-miR-376b"	-3.157026332	-2.613266008	-2.043217748	-3.563552104	-5.06082837	-3.711682187	-6.301198659	-5.904218505	-6.163178967	-4.255279147	-6.767848564	-4.14522425	-4.10271345
"hsa-miR-376c"	-1.740312778	-1.01922809	-0.739796827	-2.487647104	-4.275332522	-2.500297745	-3.924934777	-3.466590344	-4.428002326	-2.077222676	-4.852409281	-2.569446352	-2.567481079
"hsa-miR-377"	-4.491359281	-4.044949941	-2.509714702	-5.749270575	NA	-5.544667382	-7.491983057	-7.62042432	-6.485549821	-5.407917865	-7.468915493	-5.282268632	-5.414183933
"hsa-miR-378"	-1.346298729	-2.090457397	-1.635493588	-1.513919867	-0.575287083	-1.05299383	-0.763667405	-0.449429551	-0.765450882	-1.166651226	-0.113619004	-1.208628596	-0.69909204
"hsa-miR-379"	-5.980968376	-5.717118791	-5.041186285	-5.682766324	NA	-5.830117109	NA	-7.364884888	NA	-5.623729811	NA	-6.382990821	-6.95369328
"hsa-miR-381"	-7.635820313	-6.594670808	-5.890745954	-8.056462395	NA	-7.715273771	NA	NA	NA	-7.262375134	NA	NA	-6.74924015
"hsa-miR-382"	-2.988545686	-2.767435173	-1.678202316	-3.698101502	-4.814520556	-3.35673377	-4.897752026	-5.706483454	-6.716711132	-3.387442922	-5.683495649	-3.386505934	-3.936070482
"hsa-miR-409-3p"	NA	NA	-0.794751026	-2.606139478	-4.134503293	-2.606580628	-4.649596406	NA	-4.733064405	-2.140553765	NA	-3.049319847	-2.677528512
"hsa-miR-410"	-3.49396435	-3.49989807	-2.026146688	-4.809450128	-5.658563655	-4.91424699	NA	-6.598473589	-6.778702479	-4.027459386	NA	-4.154606021	-4.854991895
"hsa-miR-411"	-3.596396705	-3.248280981	-3.115989009	-4.593927015	-6.662209015	-4.561742967	-5.042270658	-6.227794649	-7.871127168	-4.204673453	-7.106127685	-5.092319949	-4.107606917
"hsa-miR-421"	-4.462527276	-3.946727514	-4.857281207	-4.478007409	-3.803896998	-4.007672632	-3.995574941	-4.538057834	-3.763459174	-4.174440527	-3.876482841	-4.370379719	-4.568599875
"hsa-miR-423-3p"	1.969207517	2.093046853	1.382776676	2.001542002	2.122857526	1.912120104	1.913494162	2.065790687	1.957079144	1.757955703	1.980845335	1.941836838	1.935223593
"hsa-miR-423-5p"	-0.827583921	-0.710447673	-0.999630575	-0.976640705	-0.774364155	-0.916974227	-0.987929378	-0.592390331	-0.978449762	-1.271779698	-0.7456454	-0.968254186	-0.900058269
"hsa-miR-424"	0.431378445	0.256193855	-0.42699009	-0.112535017	0.550007755	1.227271487	1.454564038	0.976870273	0.35890274	0.833239188	1.565593493	-0.018852707	0.463214995
"hsa-miR-425"	0.872137054	0.883223529	0.692491803	0.477548411	0.573997755	0.713635148	0.379783572	0.510727271	0.424483649	0.701450745	0.819754028	0.56665114	0.482922266
"hsa-miR-425*"	-1.855250043	-2.013633043	-1.747915564	-2.286954532	-2.036118377	-2.09933066	-1.922198547	-2.492355931	-2.415223426	-1.971119883	-2.020745013	-2.61465349	-2.419797332
"hsa-miR-429"	NA	NA	-8.447562936	NA	NA	NA	NA	NA	NA	NA	NA	NA	NA
"hsa-miR-431"	NA	-4.739676255	-4.222202801	-5.891744932	-6.662748956	NA	NA	NA	-7.002787658	-5.657412151	NA	NA	-5.587615312
"hsa-miR-433"	-6.552435523	-6.824512979	-6.63498747	NA	NA	NA	NA	NA	NA	NA	NA	-7.616440995	NA
"hsa-miR-449a"	-8.519609675	-9.40730674	-8.696480318	-8.954500321	-7.741262785	NA	NA	NA	NA	-7.878658784	NA	NA	-7.478720263
"hsa-miR-449b"	-7.583841777	NA	NA	-8.736141682	NA	NA	NA	NA	NA	-8.294606717	-8.591041812	NA	NA
"hsa-miR-450a"	-3.735288187	-4.883771373	-4.862829641	-4.603795206	-4.556961357	-4.31735355	-2.766314913	-4.395815571	-4.355087198	-3.944418039	-2.78648972	-5.217230526	-4.686551984
"hsa-miR-451"	-0.334272948	0.399932606	0.332446716	0.787658401	-0.344218289	0.734753876	-0.787052379	0.991354299	1.484695243	0.509647689	-1.044813252	1.200618913	1.002332011
"hsa-miR-452"	-6.361539995	-3.289051447	-7.333538123	NA	NA	-8.191892248	NA	NA	-6.368605434	-8.36172288	-7.173107883	-6.666284949	NA
"hsa-miR-455-5p"	NA	NA	NA	NA	NA	NA	NA	NA	NA	NA	NA	NA	NA
"hsa-miR-483-3p"	NA	NA	NA	NA	NA	NA	NA	NA	NA	NA	-8.126099739	NA	NA
"hsa-miR-484"	1.55238815	1.919939849	1.272832069	1.770938215	1.71401583	1.236424593	1.202359345	0.978407192	1.532626876	1.651566988	1.283347407	1.263302985	0.973236766
"hsa-miR-486-5p"	-0.945680091	-0.807696088	-0.901622152	-0.989951598	-1.827597334	-1.538508832	-2.23056941	-2.170141906	-1.436999782	-1.188020952	-3.065294773	-1.391211051	-1.86220223
"hsa-miR-487b"	-5.727907528	-5.103144283	-4.347780533	-5.771176552	-7.253424239	-6.893336556	-7.934944495	-7.268805059	-8.30892414	-5.911216166	NA	-6.533159292	-7.184603642
"hsa-miR-490-3p"	NA	NA	NA	NA	NA	NA	NA	NA	NA	NA	NA	NA	NA
"hsa-miR-491-3p"	NA	NA	NA	NA	NA	NA	NA	NA	NA	NA	NA	NA	NA
"hsa-miR-491-5p"	-4.046506049	-4.12718309	-4.78159216	-4.670577425	-3.768313478	-4.493237999	NA	-4.004184604	-4.32150451	-4.848165313	-3.807336676	-4.796176363	-4.540149531
"hsa-miR-493"	-6.927623773	-5.48574175	-6.531739116	-7.492627066	NA	-8.315782103	-7.740056476	NA	-7.626571766	-7.767188296	NA	-7.730660606	-6.278723356
"hsa-miR-494"	NA	-8.662981387	NA	NA	NA	NA	NA	NA	NA	-9.311276241	NA	NA	NA
"hsa-miR-497"	-5.111919221	-3.51087918	-4.443042131	-4.495501701	-4.401975031	-4.083454531	-5.596147137	-5.480807577	-4.112995089	-4.219408189	-4.712392666	-4.541120161	-4.750806244
"hsa-miR-499-5p"	NA	-8.65445755	NA	NA	NA	NA	NA	NA	NA	NA	NA	NA	NA
"hsa-miR-500"	-5.489884346	-5.64167949	-6.54492848	-4.660016845	-3.56585282	-4.506656101	-5.054260798	-3.70452742	-4.335559624	-4.449149778	-3.489867408	-5.232747373	-4.287861351
"hsa-miR-501-5p"	-7.968406341	-6.765270601	-7.429642279	-6.286828752	-4.455986107	-6.283402874	-4.853938816	-5.402163804	-4.616474726	-5.263023673	-4.746158692	-6.692120504	-5.803203175
"hsa-miR-502-5p"	NA	NA	NA	NA	NA	NA	NA	NA	NA	NA	NA	NA	NA
"hsa-miR-503"	-3.160856883	-3.16471009	-3.833183207	-4.658411887	-4.260616803	-3.328752492	-3.597329352	-4.410254825	-3.705800717	-3.573626236	-3.513774881	-4.713656242	-3.228727281
"hsa-miR-505"	-2.785194431	-2.825741264	-2.578027121	-3.427292536	-2.767030859	-2.908225819	-2.898944472	-2.673915047	-2.425431413	-2.605528551	-2.313446068	-2.737279541	-2.761040783
"hsa-miR-506"	NA	NA	NA	NA	NA	NA	NA	NA	NA	NA	NA	NA	NA
"hsa-miR-508-3p"	NA	NA	NA	NA	NA	NA	NA	NA	NA	NA	NA	NA	NA
"hsa-miR-509-3-5p"	NA	NA	NA	NA	NA	NA	NA	NA	NA	NA	NA	NA	NA
"hsa-miR-509-3p"	NA	NA	NA	NA	NA	NA	NA	NA	NA	NA	NA	NA	NA
"hsa-miR-510"	NA	NA	NA	NA	NA	NA	NA	NA	NA	NA	NA	NA	NA
"hsa-miR-514"	-7.92789059	-9.595436549	-8.33925448	-8.911974173	-7.30140117	-8.936607349	NA	NA	-8.471793685	-8.24148364	NA	NA	NA
"hsa-miR-517c"	NA	NA	NA	NA	NA	NA	NA	NA	NA	NA	-8.872998079	NA	NA
"hsa-miR-518a-3p"	NA	NA	NA	NA	NA	NA	NA	NA	NA	NA	-8.851088957	NA	NA
"hsa-miR-518b"	NA	NA	NA	NA	NA	NA	NA	NA	NA	NA	NA	NA	NA
"hsa-miR-518c"	NA	NA	NA	NA	NA	NA	NA	NA	NA	NA	NA	NA	NA
"hsa-miR-518c*"	NA	NA	-8.764631299	NA	NA	NA	NA	NA	NA	NA	NA	-7.864317146	NA
"hsa-miR-518f"	NA	NA	NA	NA	NA	NA	NA	NA	NA	-9.063247115	NA	NA	-8.057793101
"hsa-miR-519a"	NA	NA	NA	NA	NA	NA	NA	NA	NA	NA	NA	NA	NA
"hsa-miR-519d"	NA	NA	NA	-8.807071608	NA	NA	NA	NA	NA	NA	NA	NA	NA
"hsa-miR-519e*"	NA	NA	NA	NA	NA	NA	NA	NA	NA	NA	NA	NA	NA
"hsa-miR-520c-3p"	NA	-9.985011707	NA	NA	NA	NA	NA	NA	NA	NA	NA	NA	NA
"hsa-miR-524-5p"	NA	NA	NA	NA	NA	NA	NA	NA	NA	NA	NA	NA	NA
"hsa-miR-525-5p"	NA	NA	NA	NA	NA	NA	NA	NA	NA	NA	NA	NA	NA
"hsa-miR-526b*"	NA	NA	NA	NA	NA	NA	NA	NA	NA	NA	NA	NA	NA
"hsa-miR-532-5p"	-3.524791721	-4.189599089	-4.659955984	-3.74881032	-3.007254726	-3.76791934	-3.653384038	-3.497125804	-3.526551583	-3.698578174	-2.729910107	-4.26704819	-3.513641648
"hsa-miR-539"	-7.80780645	-7.574504235	-7.988951788	NA	NA	-9.029558484	NA	NA	NA	NA	NA	NA	NA
"hsa-miR-542-5p"	-5.134875688	-6.309061545	-7.317220645	-6.053781913	-5.574041535	-5.790334926	-4.70705118	NA	-5.644952494	-5.230597256	-4.812460141	NA	-4.53137566
"hsa-miR-545"	-5.472753112	-5.273148283	-6.689877948	-5.737067157	-6.828933139	-6.257637521	-6.083003411	NA	-5.475202992	-6.52523064	-7.024196124	-6.705501853	-7.495029361
"hsa-miR-548b-3p"	NA	NA	NA	NA	NA	NA	NA	NA	NA	NA	NA	NA	NA
"hsa-miR-548c-3p"	NA	NA	NA	NA	NA	NA	NA	NA	NA	NA	NA	NA	NA
"hsa-miR-550"	-7.710655215	-8.453304068	-7.337610225	-7.547163401	-6.858147893	-6.935766286	NA	NA	NA	-9.215456366	NA	NA	-6.226940662
"hsa-miR-551b"	-0.313740696	NA	0.051098857	0.517157878	0.277445148	0.244325828	0.686642057	1.6040065	0.347277813	-0.354455517	0.460739774	1.069615523	1.303205209
"hsa-miR-570"	-6.170875749	-8.013424099	NA	-6.730638979	-5.624951272	-6.286282945	-6.827684694	-6.671077633	-6.747750336	-6.402633943	-6.231441341	-6.765646111	-6.788902102
"hsa-miR-572"	NA	NA	NA	NA	NA	NA	-7.634698806	NA	NA	NA	NA	NA	NA
"hsa-miR-574-3p"	-2.507730135	-2.512705917	-2.21715761	-1.996413826	-1.580220704	-2.028731652	NA	NA	-1.620315486	-1.879053135	-1.563960592	NA	NA
"hsa-miR-576-3p"	NA	-8.746718859	NA	NA	-6.503171907	-8.050392448	NA	NA	-6.909856306	NA	-8.453463924	NA	-7.475117006
"hsa-miR-576-5p"	-7.520580249	-7.70632056	NA	-8.17700365	-7.244857562	-7.707903291	-7.418911222	NA	-7.089639403	-7.268970645	-7.750695807	-7.777278648	-7.206234719
"hsa-miR-582-5p"	-3.859920816	-4.962882013	-4.885458253	-3.485465971	-2.0566437	-3.296173758	-3.53222761	-2.914040318	-2.746864318	-3.143432264	-1.888520686	-3.474556037	-4.307527468
"hsa-miR-584"	-3.277339766	-2.607876285	-4.155997487	-3.513105035	-4.094297285	-3.844310647	-4.760078061	-5.134281283	-3.698219457	-3.413713275	-5.934393272	-4.14935589	-4.042160108
"hsa-miR-589"	-5.804665315	NA	NA	NA	-5.599719921	-5.652638926	NA	NA	-6.979320681	NA	NA	NA	-5.533798046
"hsa-miR-590-5p"	-0.903605536	-0.270022944	-0.778488296	-0.523393573	-0.60989571	-0.759708515	-0.886795877	-0.905850321	-0.681664082	-0.69161433	-0.71880163	-1.354998198	-1.558555258
"hsa-miR-595"	NA	NA	NA	NA	NA	NA	NA	NA	NA	NA	NA	NA	NA
"hsa-miR-596"	NA	NA	NA	NA	NA	NA	-7.848597318	NA	NA	NA	NA	NA	NA
"hsa-miR-598"	NA	NA	NA	NA	NA	NA	NA	NA	NA	NA	NA	NA	NA
"hsa-miR-602"	-7.28914292	-8.035852129	NA	-7.631211733	NA	NA	-6.142860632	-7.154317984	NA	-6.393820226	-8.413390301	-6.65529161	NA
"hsa-miR-608"	NA	NA	NA	NA	NA	NA	NA	NA	NA	NA	NA	NA	NA
"hsa-miR-617"	NA	NA	NA	NA	NA	NA	NA	NA	-8.642602069	NA	NA	NA	NA
"hsa-miR-620"	NA	-9.834244758	-7.42521506	-6.893494195	-5.301332746	-6.583336561	NA	NA	NA	NA	NA	NA	NA
"hsa-miR-622"	-5.953973263	NA	NA	-6.752316204	NA	NA	NA	-6.393989488	NA	-5.950507106	-5.4679698	NA	NA
"hsa-miR-623"	NA	NA	NA	NA	NA	NA	NA	NA	NA	-9.240208936	NA	NA	NA
"hsa-miR-625*"	-3.362358803	-4.007963886	-3.086213099	-4.744955877	-4.635700955	-3.815389076	-5.072515469	-5.881148715	-3.955338255	-3.79012151	-4.693671579	-4.647022966	-5.398477155
"hsa-miR-627"	-6.394251137	-6.145863729	NA	-5.258226409	-5.523271921	-6.322933269	-4.335786187	-4.844314111	-5.569107144	-5.394642875	-4.73218696	-6.016164345	-4.981899703
"hsa-miR-628-3p"	-4.043098778	-4.433220385	-4.882444758	-4.067007108	-4.240786201	-4.452656695	-5.943326286	-5.684483326	-4.996958443	-5.194190664	-5.21129778	-4.993743858	-5.426615528
"hsa-miR-629"	-6.725120951	-6.107291968	-4.508098127	-5.04428416	-4.064759373	-5.308468887	-3.917938068	-3.948531296	-4.008553978	-5.065516504	-3.77173871	-4.694178519	-3.768038426
"hsa-miR-631"	NA	NA	NA	NA	NA	NA	NA	NA	NA	NA	NA	NA	NA
"hsa-miR-642"	NA	NA	NA	NA	NA	NA	NA	NA	NA	NA	NA	NA	NA
"hsa-miR-651"	-6.700348814	-6.257305771	-5.878807068	-7.611388578	-6.264649679	-5.880746048	-6.138617401	-5.365428759	-6.04225889	-6.909727468	-5.869806712	-6.034894356	-6.605999903
"hsa-miR-652"	0.159738156	0.353413237	-0.172054154	-0.33327943	-0.524173567	-0.38880977	-0.628039192	-0.588895518	-0.466444863	-0.116701939	-0.457307664	-0.462097902	-1.107262177
"hsa-miR-654-5p"	-7.358576215	-6.53111499	-6.060551154	-7.471923373	NA	-7.081714605	-7.040452463	-6.223837439	NA	-6.008519052	NA	NA	NA
"hsa-miR-658"	NA	NA	NA	NA	NA	-8.328676401	NA	NA	NA	NA	NA	NA	NA
"hsa-miR-660"	-4.866204695	-5.077323566	-5.316486875	-4.8206101	-4.518169868	-4.978275594	-4.978288577	-4.84215588	-4.14893027	-4.700390402	-3.551100833	-4.897834462	-5.743572427
"hsa-miR-662"	NA	NA	NA	NA	NA	NA	NA	NA	NA	NA	NA	NA	NA
"hsa-miR-663"	NA	-5.754128647	-5.597088268	-5.842265391	NA	-6.228908838	-5.032194143	-4.767432848	-5.932393085	NA	NA	-4.917672841	NA
"hsa-miR-668"	-7.484579033	NA	-7.396264054	NA	NA	NA	NA	NA	NA	-7.789165021	NA	-7.757897186	-6.752053973
"hsa-miR-671-5p"	-5.662920838	NA	NA	-5.582624006	NA	-5.03887203	-5.409920337	NA	NA	-5.423934604	NA	-7.160223131	-5.665960025
"hsa-miR-7"	-6.041032247	-7.432460521	-5.962444942	-7.83829641	-5.758757355	-6.412009956	-6.8327126	-6.183405815	-5.767472772	-6.144652204	-6.533360798	-6.425909405	-5.511143811
"hsa-miR-708"	NA	-9.044619322	NA	-8.965316742	-5.650183105	-4.878341491	-7.808035024	NA	-7.897005673	-4.475612944	-7.812229808	NA	NA
"hsa-miR-720"	2.700994796	3.092648355	2.659091371	2.488300533	3.877846367	2.942105414	3.174913529	4.159823277	3.552751756	4.621824419	3.383636833	3.608804343	3.704799636
"hsa-miR-744"	-3.460236543	-3.335004495	-4.400910315	-4.18197197	-4.494206093	-4.357988147	-4.296837176	-4.550612344	-4.50117239	-3.988683229	-4.164452562	-4.479582098	-4.877907038
"hsa-miR-760"	NA	-8.868086757	NA	-6.793637787	-6.797715659	NA	NA	NA	NA	NA	NA	-7.169543809	NA
"hsa-miR-765"	NA	NA	NA	NA	NA	NA	NA	NA	NA	NA	NA	NA	NA
"hsa-miR-766"	-1.1604528	-0.888348056	-1.114472112	-1.063699124	-1.150920586	-1.148305018	-0.841899774	-1.473376724	-0.923291979	-1.33027752	-1.590324628	-0.920776735	-1.094052385
"hsa-miR-873"	NA	NA	NA	NA	NA	NA	-7.387253518	NA	NA	NA	-8.303749167	NA	NA
"hsa-miR-877"	NA	-6.626210121	-7.388311652	NA	-5.436404396	-6.147755888	-5.426695018	-6.643839933	NA	NA	NA	-5.37453268	-5.917788779
"hsa-miR-885-5p"	NA	NA	NA	NA	NA	NA	NA	NA	NA	NA	NA	NA	NA
"hsa-miR-886-3p"	NA	-7.612577858	NA	-7.998670622	-5.353912346	NA	NA	NA	-7.438494091	-7.76782862	NA	-7.6232941	-7.261729423
"hsa-miR-886-5p"	NA	-5.522586193	NA	NA	NA	NA	NA	NA	NA	NA	NA	NA	NA
"hsa-miR-887"	NA	NA	NA	NA	NA	NA	NA	NA	NA	NA	NA	NA	NA
"hsa-miR-888"	NA	NA	NA	NA	NA	NA	NA	NA	NA	NA	NA	NA	NA
"hsa-miR-9"	-6.454847453	-5.967692029	-6.474784225	-5.705131026	-4.98239733	-6.14522585	-7.792663309	-7.590184249	-6.678120831	-5.952074032	-6.358628341	-6.026114513	-7.020828735
"hsa-miR-9*"	NA	NA	NA	NA	NA	NA	NA	NA	NA	NA	NA	NA	NA
"hsa-miR-92a"	4.266066123	3.814388679	4.104916075	4.107141533	4.513794455	4.351771753	4.899285177	5.243010048	4.501979294	4.087049508	4.981129477	4.599266846	5.022654322
"hsa-miR-92a-1*"	-3.948904057	-5.63041421	-5.989193306	-4.803010476	-3.749057348	-3.911974603	-2.852433749	-2.939913881	-4.628820618	-5.388989245	-3.32667235	-4.123156487	-2.990666835
"hsa-miR-92b"	-4.697551839	-5.152685606	-5.476348081	-4.25959451	-4.999582319	-4.099102202	-3.560124612	-3.233319583	-4.808934855	-4.863216583	-3.13286759	-3.484918737	-4.291744792
"hsa-miR-93"	2.690863627	2.669178691	2.483937311	2.731381876	3.021789314	2.818429536	3.083490076	3.162751393	2.911039073	2.666986404	3.041452462	2.754636038	3.012711261
"hsa-miR-933"	NA	NA	NA	-8.892139593	NA	NA	NA	NA	NA	NA	NA	NA	NA
"hsa-miR-934"	NA	NA	NA	NA	NA	NA	NA	NA	NA	NA	NA	NA	NA
"hsa-miR-936"	NA	NA	NA	NA	NA	NA	NA	NA	NA	NA	NA	NA	NA
"hsa-miR-940"	-1.146278832	NA	-1.198052796	NA	NA	-1.269900495	NA	NA	NA	NA	NA	-1.479045891	-0.793905563
"hsa-miR-95"	NA	-7.430640207	-6.955955945	NA	NA	-8.775659291	-5.819154809	NA	-6.960559756	NA	-6.529324538	-6.105872323	-6.841436597
"hsa-miR-96"	NA	NA	NA	NA	NA	NA	NA	NA	NA	-8.234464638	NA	NA	NA
"hsa-miR-98"	-4.502053914	-4.546415792	-4.599822465	-5.303230479	-4.917563936	-4.55891174	-4.919427168	-4.97882994	-4.705467549	-4.470572852	-5.059099589	-5.09671385	-5.503864107
"hsa-miR-99a"	-0.815469522	-1.913177656	-0.742193583	-0.232434807	-0.509027802	-0.174748255	0.532054318	1.085014165	-0.329287221	-0.939860427	0.053056118	0.416088723	0.573345899
"hsa-miR-99a*"	-4.957135133	-6.27619163	-5.19525519	-5.568720251	-4.267595817	-4.851335133	-4.802265206	-4.171671063	-5.533624442	-6.611039913	-6.000312476	-5.047936033	-4.53856044
"hsa-miR-99b"	-0.868785377	-1.100467054	-1.175649616	-0.950465174	-1.555937007	-0.668664429	-0.93429441	-1.404167394	-1.358391012	-0.602973815	-1.730406283	-1.099186451	-2.094273899
"SNORD38B"	6.470300241	5.808931569	6.600454188	6.82167163	7.114074105	6.267309168	7.113091673	6.515307596	6.116918741	6.555897822	6.361517966	6.652129512	6.25526155
"SNORD49A"	NA	NA	NA	5.428114654	5.57181896	NA	5.991233445	5.634996336	NA	5.086455334	NA	5.648304264	NA
"U6"	NA	NA	NA	4.396869643	4.34697957	NA	4.040148577	NA	NA	2.737424043	NA	4.261415544	NA
