	ID	miRNA_ID	SPOT_ID	logFC	AveExpr	t	P.Value	adj.P.Val	B
hsa-miR-142-3p	hsa-miR-142-3p	hsa-miR-142-3p		6.80332271366667	6.80332271366667	109.71034939514401	8.592454286073029e-29	2.0806642524330298e-26	54.086588005886895
hsa-miR-223	hsa-miR-223	hsa-miR-223		6.9514031598333395	6.95140315983333	106.600705664944	1.50772771915437e-28	2.0806642524330298e-26	53.6754347957654
hsa-miR-194	hsa-miR-194	hsa-miR-194		-5.3764811845	-5.3764811845	-81.8787418677343	2.61789970308456e-26	2.4084677268377898e-24	49.5958966439939
hsa-miR-24	hsa-miR-24	hsa-miR-24		3.9505598492222203	3.9505598492222203	78.7655261646838	5.58150133983906e-26	3.85123592448895e-24	48.9550480598157
SNORD38B	SNORD38B		control	6.48465137722222	6.48465137722222	73.61886835188349	2.0880025473826e-25	1.1525774061551899e-23	47.8160742404519
hsa-miR-215	hsa-miR-215	hsa-miR-215		-5.53379599005556	-5.53379599005556	-72.397029507606	2.8946856123153195e-25	1.33155538166505e-23	47.529929292597295
hsa-let-7f	hsa-let-7f	hsa-let-7f		3.3309729927777796	3.3309729927777796	68.94914269841159	7.50141929387885e-25	2.95770246444366e-23	46.687011313453596
hsa-miR-15b	hsa-miR-15b	hsa-miR-15b		3.17812379822222	3.17812379822222	66.0941102180848	1.71165303479724e-24	5.90520297005047e-23	45.9466345468671
hsa-miR-103	hsa-miR-103	hsa-miR-103		4.49302514211111	4.49302514211111	65.5089096409038	2.0358429469728298e-24	6.24325170405e-23	45.78982684350329
hsa-miR-15a	hsa-miR-15a	hsa-miR-15a		4.14387785377778	4.14387785377778	61.9184208544821	6.11012876856788e-24	1.68639554012474e-22	44.787501192590895
hsa-miR-126	hsa-miR-126	hsa-miR-126		4.714192733833331	4.714192733833331	60.5198988018822	9.537282330555939e-24	2.2218169786974497e-22	44.3773062229264
hsa-miR-23b	hsa-miR-23b	hsa-miR-23b		3.98828748027778	3.98828748027778	60.0159521441741	1.12251360460609e-23	2.2218169786974497e-22	44.22662414015
hsa-miR-98	hsa-miR-98	hsa-miR-98		-4.7907485856111105	-4.7907485856111105	-59.9166067785929	1.15934211878133e-23	2.2218169786974497e-22	44.19673624911779
hsa-miR-23a	hsa-miR-23a	hsa-miR-23a		4.3456852705	4.3456852705	59.9109693235201	1.16146969591335e-23	2.2218169786974497e-22	44.19503840921371
hsa-miR-16	hsa-miR-16	hsa-miR-16		4.5473161180555595	4.5473161180555595	59.1671251862459	1.48159240643156e-23	2.40540884808889e-22	43.9692835032755
hsa-miR-19a	hsa-miR-19a	hsa-miR-19a		4.7221268486111105	4.7221268486111105	58.938510055600204	1.5976645971859198e-23	2.44975238235174e-22	43.8992022218009
hsa-miR-30b	hsa-miR-30b	hsa-miR-30b		3.75561482923529	3.75561482923529	66.7661709844103	1.34173743995496e-23	2.3144970839223095e-22	43.8648056135104
hsa-let-7g	hsa-let-7g	hsa-let-7g		3.23583378416667	3.23583378416667	58.3326329674465	1.9539335827036397e-23	2.8383456254010697e-22	43.7118604172923
hsa-miR-576-5p	hsa-miR-576-5p	hsa-miR-576-5p		-7.5644745027499996	-7.5644745027499996	-76.5182543566968	1.2075092275529598e-23	2.2218169786974497e-22	43.609204817034396
hsa-miR-19b	hsa-miR-19b	hsa-miR-19b		5.54280457327778	5.54280457327778	55.6530527174854	4.88250494926354e-23	6.737856829983679e-22	42.8541604891386
hsa-miR-130b	hsa-miR-130b	hsa-miR-130b		-4.08303381672222	-4.08303381672222	-54.021888482258205	8.712286039268908e-23	1.1450433080182e-21	42.3074679512727
hsa-miR-20a	hsa-miR-20a	hsa-miR-20a		4.768649216166669	4.768649216166669	52.783412618744	1.36815924521167e-22	1.71641796217465e-21	41.879167399332104
hsa-miR-17	hsa-miR-17	hsa-miR-17		3.99482862661111	3.99482862661111	51.93864069017901	1.87263646993594e-22	2.24716376392313e-21	41.5801880140402
hsa-miR-106a	hsa-miR-106a	hsa-miR-106a		3.9252712515555603	3.9252712515555603	50.666331107622995	3.0334935890404995e-22	3.39360934100422e-21	41.1190133074237
hsa-miR-651	hsa-miR-651	hsa-miR-651		-6.4089668771666695	-6.4089668771666695	-50.6318477934292	3.07392150453281e-22	3.39360934100422e-21	41.106327301774996
hsa-miR-135a	hsa-miR-135a	hsa-miR-135a		-7.05590017952941	-7.05590017952941	-54.903796945073005	5.00150416685902e-22	5.30928903866573e-21	40.5619738772319
hsa-miR-421	hsa-miR-421	hsa-miR-421		-4.2092642175555595	-4.2092642175555595	-47.4885636318655	1.0683009703863799e-21	1.0920409919505199e-20	39.9061855313488
hsa-miR-330-3p	hsa-miR-330-3p	hsa-miR-330-3p		-5.076919418777781	-5.076919418777781	-47.164177259091204	1.22044496188629e-21	1.20301003385935e-20	39.777179238173396
hsa-miR-200b	hsa-miR-200b	hsa-miR-200b		-7.533060279941179	-7.533060279941179	-51.54870784111079	1.6030323351338299e-21	1.5256445672308198e-20	39.4651733385867
hsa-miR-93	hsa-miR-93	hsa-miR-93		2.8217684427222203	2.8217684427222203	43.5594264769621	5.71174753671311e-21	5.2548077337760594e-20	38.272406269302294
hsa-miR-505	hsa-miR-505	hsa-miR-505		-2.74524690472222	-2.74524690472222	-42.7750732739121	8.12467047936761e-21	7.233577588082129e-20	37.9265278216256
hsa-miR-744	hsa-miR-744	hsa-miR-744		-4.21035341838889	-4.21035341838889	-42.5975162392897	8.807058219859e-21	7.596087714628379e-20	37.8472544099041
hsa-miR-491-5p	hsa-miR-491-5p	hsa-miR-491-5p		-4.29158335294118	-4.29158335294118	-46.686060942429506	9.97513591580772e-21	8.175303497846519e-20	37.7162476768122
hsa-miR-374b*	hsa-miR-374b*	hsa-miR-374b*		-7.565642778266669	-7.565642778266669	-59.074515513127096	1.00710260480718e-20	8.175303497846519e-20	37.475101366324104
hsa-miR-628-3p	hsa-miR-628-3p	hsa-miR-628-3p		-4.93192543633333	-4.93192543633333	-39.4718235875424	3.85464609890557e-20	3.03966378085125e-19	36.3890808346796
hsa-miR-7	hsa-miR-7	hsa-miR-7		-6.30225777111111	-6.30225777111111	-39.082448041034205	4.6698994276493494e-20	3.52883729055357e-19	36.198651592275
hsa-miR-107	hsa-miR-107	hsa-miR-107		3.13874094811111	3.13874094811111	39.0563357976685	4.73068767211891e-20	3.52883729055357e-19	36.185807597814296
hsa-miR-92a	hsa-miR-92a	hsa-miR-92a		4.43247389433334	4.43247389433333	38.8888361396224	5.1409201822294805e-20	3.7339315007772e-19	36.1031968836754
hsa-miR-200c	hsa-miR-200c	hsa-miR-200c		-4.06503687261111	-4.06503687261111	-38.547442477299704	6.09712417437787e-20	4.3148878772520293e-19	35.933624521809
hsa-miR-30c	hsa-miR-30c	hsa-miR-30c		2.42816376576471	2.42816376576471	41.9061273958996	7.29486895556394e-20	4.91069227252597e-19	35.7800568930235
hsa-miR-301b	hsa-miR-301b	hsa-miR-301b		-4.100339051000001	-4.100339051000001	-38.2265758936807	7.1670489344509e-20	4.91069227252597e-19	35.7727642222575
hsa-miR-545	hsa-miR-545	hsa-miR-545		-6.320141487705881	-6.320141487705881	-41.802030315996795	7.63649327059545e-20	5.018267006391289e-19	35.7351626171852
hsa-miR-141	hsa-miR-141	hsa-miR-141		-4.95792079827778	-4.95792079827778	-36.2908291065515	1.95669155635326e-19	1.25592295245e-18	34.7704913482748
hsa-miR-29b-2*	hsa-miR-29b-2*	hsa-miR-29b-2*		-4.465807490611111	-4.465807490611111	-36.0015878435334	2.28367154284934e-19	1.43248487687822e-18	34.615841109601604
hsa-miR-627	hsa-miR-627	hsa-miR-627		-5.58860126611765	-5.58860126611765	-38.7073888407142	3.14091840976541e-19	1.9264299579894498e-18	34.3408806085109
hsa-miR-32	hsa-miR-32	hsa-miR-32		-4.880090386166669	-4.880090386166669	-35.3123288322388	3.3166092364386195e-19	1.98996554186317e-18	34.2419303298763
hsa-miR-362-5p	hsa-miR-362-5p	hsa-miR-362-5p		-7.70396353826666	-7.703963538266669	-47.3270767317104	3.9019327130395996e-19	2.2913477208487897e-18	34.1035672843516
hsa-miR-192	hsa-miR-192	hsa-miR-192		-3.5113152019444502	-3.51131520194444	-34.042642257495196	6.72090429593922e-19	3.8645199701650494e-18	33.532512553551896
hsa-miR-423-3p	hsa-miR-423-3p	hsa-miR-423-3p		1.9371560033333302	1.9371560033333302	33.8069653021646	7.683880096770729e-19	4.3280630749157594e-18	33.397772483646804
hsa-miR-497	hsa-miR-497	hsa-miR-497		-4.54865247135294	-4.54865247135294	-36.674620673704794	8.45600217897042e-19	4.6677132027916694e-18	33.3568715669523
hsa-miR-1979	hsa-miR-1979	hsa-miR-1979		3.9564821755	3.9564821755	33.009435584204	1.21708619429423e-18	6.58658411029821e-18	32.9344076241943
hsa-miR-21*	hsa-miR-21*	hsa-miR-21*		-5.03945265177778	-5.03945265177778	-32.6613418124315	1.49268316704221e-18	7.9227029635317e-18	32.728489521992195
hsa-miR-570	hsa-miR-570	hsa-miR-570		-6.6290764539375	-6.6290764539375	-38.037068769756	2.4418144275886897e-18	1.2715863811593903e-17	32.341530601090604
hsa-miR-27a	hsa-miR-27a	hsa-miR-27a		3.6686678744285697	3.6686678744285697	47.2829650877599	2.9403481909355897e-18	1.50284463092264e-17	32.113942204499104
hsa-miR-660	hsa-miR-660	hsa-miR-660		-4.89687012866667	-4.89687012866667	-31.4605853311447	3.06839726652938e-18	1.5355079676036403e-17	32.0002609163606
hsa-miR-221	hsa-miR-221	hsa-miR-221		2.5600647216666697	2.5600647216666697	31.4356521350531	3.1155234125291297e-18	1.5355079676036403e-17	31.9848363570891
hsa-miR-200a	hsa-miR-200a	hsa-miR-200a		-6.83687001627778	-6.83687001627778	-31.2440373046926	3.50406024573406e-18	1.69670285582912e-17	31.8658736421337
hsa-miR-532-5p	hsa-miR-532-5p	hsa-miR-532-5p		-3.7480240055	-3.7480240055	-30.853706895461396	4.4615175372990196e-18	2.12306696602505e-17	31.621196633841702
hsa-miR-320a	hsa-miR-320a	hsa-miR-320a		2.12826445911111	2.12826445911111	30.7014277231419	4.90634332565131e-18	2.2951707760673896e-17	31.5248763939872
hsa-miR-30e	hsa-miR-30e	hsa-miR-30e		1.9453316723888898	1.9453316723888898	30.5404041350768	5.4277276908471394e-18	2.4591076017602002e-17	31.422489810773897
hsa-miR-195	hsa-miR-195	hsa-miR-195		-3.7558926606111096	-3.7558926606111096	-30.538279370492898	5.434984192296099e-18	2.4591076017602002e-17	31.4211350815353
hsa-miR-132	hsa-miR-132	hsa-miR-132		-4.6040425415625	-4.6040425415625	-35.6608985698973	7.48902890608063e-18	3.28090790171152e-17	31.229409685974698
hsa-miR-425*	hsa-miR-425*	hsa-miR-425*		-2.1582663223888896	-2.1582663223888896	-30.1583421735853	6.91163283989882e-18	3.07679139324528e-17	31.1773240946281
hsa-miR-26a	hsa-miR-26a	hsa-miR-26a		4.27977471135714	4.27977471135714	43.1148356838766	1.2263817856398402e-17	5.20740573594765e-17	30.7624809257727
hsa-miR-21	hsa-miR-21	hsa-miR-21		4.36795850016667	4.36795850016667	29.2890917688486	1.2112133020115e-17	5.20740573594765e-17	30.607494088457
hsa-miR-210	hsa-miR-210	hsa-miR-210		-3.905583023875	-3.905583023875	-33.2480020182233	2.5241691181333604e-17	1.0245157008894202e-16	30.0146508513964
hsa-miR-9	hsa-miR-9	hsa-miR-9		-6.17714840217647	-6.17714840217647	-30.5248374147752	2.43022729010512e-17	1.0162768667712299e-16	29.9816140080488
hsa-let-7a	hsa-let-7a	hsa-let-7a		3.91097581594445	3.9109758159444397	28.219926328909196	2.46927203438481e-17	1.0171926589406099e-16	29.882550356637
hsa-miR-542-5p	hsa-miR-542-5p	hsa-miR-542-5p		-5.564348714625	-5.564348714625	-32.5975713836072	3.5541458129055296e-17	1.40134892051704e-16	29.6709939025594
hsa-miR-153	hsa-miR-153	hsa-miR-153		-5.57828682033334	-5.5782868203333305	-27.7397249349857	3.42899915537639e-17	1.37159966215056e-16	29.547866349064
hsa-miR-30e*	hsa-miR-30e*	hsa-miR-30e*		-1.49237182661111	-1.49237182661111	-26.921596374466898	6.07601627161856e-17	2.3619443534742597e-16	28.9640129353579
hsa-miR-92b	hsa-miR-92b	hsa-miR-92b		-4.31363196988889	-4.31363196988889	-26.8062960086276	6.594916829575229e-17	2.52805145133717e-16	28.880303446792002
hsa-miR-20b*	hsa-miR-20b*	hsa-miR-20b*		-7.008065836687501	-7.008065836687501	-30.8187003147012	9.383179644583978e-17	3.5147120923892204e-16	28.692701377216395
hsa-miR-450a	hsa-miR-450a	hsa-miR-450a		-4.32432718838889	-4.32432718838889	-26.309582943525502	9.423503436116021e-17	3.5147120923892204e-16	28.515526149203897
hsa-miR-199b-5p	hsa-miR-199b-5p	hsa-miR-199b-5p		-2.90263573805556	-2.90263573805556	-26.0687580032698	1.12296126291347e-16	4.1324974475215796e-16	28.336192326651396
hsa-miR-296-5p	hsa-miR-296-5p	hsa-miR-296-5p		-4.47553793227778	-4.47553793227778	-25.734528935346198	1.4360306134264698e-16	5.21505854349613e-16	28.084558200461302
hsa-miR-629	hsa-miR-629	hsa-miR-629		-4.720027779333329	-4.720027779333329	-25.243288761457	2.0727034307981102e-16	7.42943047922439e-16	27.7087769507828
hsa-miR-99a*	hsa-miR-99a*	hsa-miR-99a*		-5.390580662277781	-5.390580662277781	-25.1183326265856	2.27794713595263e-16	8.0604283272170005e-16	27.6120375327107
hsa-miR-500	hsa-miR-500	hsa-miR-500		-4.78344410916667	-4.78344410916667	-24.7951415070828	2.9140874442324103e-16	1.01808624633942e-15	27.3596110647744
hsa-miR-182	hsa-miR-182	hsa-miR-182		-5.87458331347059	-5.87458331347059	-26.2954382734775	3.66081947881257e-16	1.26298272019034e-15	27.221376669611697
hsa-miR-188-5p	hsa-miR-188-5p	hsa-miR-188-5p		-7.72604134030769	-7.72604134030769	-38.116949619759296	5.107675268288919e-16	1.69845587234668e-15	27.146243874652
hsa-miR-196a	hsa-miR-196a	hsa-miR-196a		-5.3719892098333295	-5.3719892098333295	-24.4711264885587	3.74161877556261e-16	1.27492195315467e-15	27.1032730671943
hsa-miR-142-5p	hsa-miR-142-5p	hsa-miR-142-5p		1.7067614751111102	1.7067614751111102	24.3489787850204	4.11466521484905e-16	1.38493609670529e-15	27.005773313837103
hsa-miR-361-3p	hsa-miR-361-3p	hsa-miR-361-3p		-2.3841071295555603	-2.3841071295555603	-23.943898515012698	5.65744262481902e-16	1.8588740052976804e-15	26.678972978677102
hsa-miR-191	hsa-miR-191	hsa-miR-191		1.5779893623888899	1.5779893623888899	23.7837784618008	6.425209771773959e-16	2.0863034082466e-15	26.5483042884908
hsa-miR-720	hsa-miR-720	hsa-miR-720		3.329709135	3.329709135	23.6463299479214	7.17146231703874e-16	2.30153906918918e-15	26.4354515074936
hsa-miR-514	hsa-miR-514	hsa-miR-514		-8.465082996	-8.465082996	-49.09919070344	9.26200310099099e-16	2.9382906389350703e-15	26.3757284802488
hsa-miR-501-5p	hsa-miR-501-5p	hsa-miR-501-5p		-6.03962098735294	-6.03962098735294	-24.8520429118228	1.01696712814574e-15	3.18957872009347e-15	26.175461815347198
hsa-miR-18a*	hsa-miR-18a*	hsa-miR-18a*		-2.9749294326111095	-2.9749294326111095	-22.877615382249605	1.3408234485865099e-15	4.158059233818841e-15	25.792303784376397
hsa-miR-503	hsa-miR-503	hsa-miR-503		-3.7071756290555604	-3.7071756290555604	-22.8637518754436	1.35628363794395e-15	4.15926982302813e-15	25.780513722596304
hsa-miR-625*	hsa-miR-625*	hsa-miR-625*		-4.34338679627778	-4.34338679627778	-22.421216372266397	1.96235052883324e-15	5.9517444610766405e-15	25.4004946642588
hsa-miR-193b	hsa-miR-193b	hsa-miR-193b		-6.1719409428125	-6.1719409428125	-25.3840398878757	2.64871060618126e-15	7.94613181854379e-15	25.2944104852673
hsa-miR-328	hsa-miR-328	hsa-miR-328		-1.3522439716666699	-1.3522439716666699	-21.7331833646031	3.5329050479536e-15	1.04847504648946e-14	24.7951006948732
hsa-miR-877	hsa-miR-877	hsa-miR-877		-5.978704639416669	-5.978704639416669	-35.0088968521868	1.03253357571553e-14	2.96853403018215e-14	24.2260664544654
hsa-miR-181a	hsa-miR-181a	hsa-miR-181a		3.52127776305556	3.52127776305556	20.8653614047981	7.60469408898818e-15	2.23286762612844e-14	24.0048780073027
hsa-let-7c	hsa-let-7c	hsa-let-7c		1.39600362288889	1.39600362288889	20.826191163580397	7.87786461899386e-15	2.2887269840445303e-14	23.9684791584619
hsa-miR-193a-3p	hsa-miR-193a-3p	hsa-miR-193a-3p		-7.49862599025	-7.49862599025	-34.028217958248895	1.5128301289050797e-14	4.260623628344909e-14	23.852613448797804
hsa-miR-663	hsa-miR-663	hsa-miR-663		-5.61159588009091	-5.61159588009091	-38.908376633839396	1.70053004521001e-14	4.74087164119155e-14	23.7236118489045
hsa-miR-584	hsa-miR-584	hsa-miR-584		-3.99408883155556	-3.99408883155556	-20.2631186483577	1.31734789342022e-14	3.7483300884946506e-14	23.4379826018487
hsa-miR-95	hsa-miR-95	hsa-miR-95		-7.01762500030769	-7.01762500030769	-28.6375227575909	3.1402066613079697e-14	8.58115879723763e-14	23.0657712153376
hsa-miR-365	hsa-miR-365	hsa-miR-365		-3.9899830422222204	-3.9899830422222204	-19.725189501381898	2.1796116421657398e-14	6.01572813237744e-14	22.9180820725533
hsa-miR-493	hsa-miR-493	hsa-miR-493		-6.84859377935714	-6.84859377935714	-25.1325631962568	4.9084562443820803e-14	1.30262877254755e-13	22.5139562370336
hsa-miR-299-5p	hsa-miR-299-5p	hsa-miR-299-5p		-5.39083302916667	-5.39083302916667	-19.1301681492849	3.86073537586307e-14	1.0446695722923598e-13	22.3273730729628
hsa-miR-324-3p	hsa-miR-324-3p	hsa-miR-324-3p		-1.30658880677778	-1.30658880677778	-19.1192003014281	3.90222199538132e-14	1.0456439521604302e-13	22.316325530075396
hsa-miR-34c-5p	hsa-miR-34c-5p	hsa-miR-34c-5p		-8.2948967768	-8.2948967768	-39.7811233279532	9.376870383006759e-14	2.37432681257786e-13	22.039438476324502
hsa-miR-484	hsa-miR-484	hsa-miR-484		1.4587794291666698	1.4587794291666698	18.7981862829995	5.34873042998938e-14	1.40595199874007e-13	21.990357486015895
hsa-miR-340	hsa-miR-340	hsa-miR-340		-4.32590210588889	-4.32590210588889	-18.619258161559397	6.38991175780938e-14	1.6637883444862198e-13	21.8064346322083
hsa-miR-133b	hsa-miR-133b	hsa-miR-133b		-3.796312122	-3.796312122	-18.598080343101103	6.52651796973066e-14	1.68347566322025e-13	21.7845582109263
hsa-miR-150	hsa-miR-150	hsa-miR-150		2.40913435694444	2.40913435694444	18.461792553962397	7.48216280739793e-14	1.9121082730016895e-13	21.643225189733602
hsa-miR-654-5p	hsa-miR-654-5p	hsa-miR-654-5p		-6.55380198416667	-6.55380198416667	-28.7836541792934	1.4281853114933e-13	3.51945666046563e-13	21.623906150759698
SNORD49A	SNORD49A		control	5.64154404277778	5.64154404277778	46.7995895608667	1.29026729414768e-13	3.2082321908536795e-13	21.531036421724895
hsa-miR-487b	hsa-miR-487b	hsa-miR-487b		-6.4374908860588205	-6.4374908860588205	-19.1073750271402	1.1282422534613999e-13	2.83086238141225e-13	21.323467784102398
hsa-miR-187	hsa-miR-187	hsa-miR-187		-7.63554773011111	-7.63554773011111	-45.2831536414717	1.8257472805710397e-13	4.4593473401558296e-13	21.2375940655907
hsa-miR-22*	hsa-miR-22*	hsa-miR-22*		-2.51525012544444	-2.51525012544444	-17.5081862377201	1.9979102542103002e-13	4.83704587861441e-13	20.626807861998397
hsa-miR-92a-1*	hsa-miR-92a-1*	hsa-miR-92a-1*		-4.29978946311111	-4.29978946311111	-17.2992957744968	2.4932320532345197e-13	5.98375692776285e-13	20.397474895189898
hsa-miR-574-3p	hsa-miR-574-3p	hsa-miR-574-3p		-2.01307184478571	-2.01307184478571	-21.367757042891103	5.756407648298051e-13	1.29168171620347e-12	19.9831034544712
hsa-miR-886-3p	hsa-miR-886-3p	hsa-miR-886-3p		-7.2777290824000005	-7.2777290824000005	-32.7269484624118	8.8358103446479e-13	1.93546321835145e-12	19.921761690996302
hsa-miR-181a*	hsa-miR-181a*	hsa-miR-181a*		-3.36696012538889	-3.36696012538889	-16.848299914370802	4.0548454649659895e-13	9.56527648145822e-13	19.8937409864636
hsa-miR-152	hsa-miR-152	hsa-miR-152		-2.29303739183333	-2.29303739183333	-16.7801338567376	4.36846901389103e-13	1.00474787319494e-12	19.8165575975038
hsa-miR-323-3p	hsa-miR-323-3p	hsa-miR-323-3p		-6.76436319046154	-6.76436319046154	-22.8875247076801	7.71877143731713e-13	1.7043047333596202e-12	19.8018979819859
hsa-miR-125a-5p	hsa-miR-125a-5p	hsa-miR-125a-5p		1.36235335472222	1.36235335472222	16.7424620851528	4.55260092152811e-13	1.03844450772046e-12	19.7737825029675
hsa-miR-26b	hsa-miR-26b	hsa-miR-26b		1.3434673240000001	1.3434673240000001	16.566958082044	5.524093657015799e-13	1.24971299125931e-12	19.573368070074803
hsa-miR-363	hsa-miR-363	hsa-miR-363		-2.18834240844444	-2.18834240844444	-16.5046616506796	5.919227416417089e-13	1.3175054572025099e-12	19.5017760925531
hsa-miR-550	hsa-miR-550	hsa-miR-550		-7.6920294033	-7.6920294033	-29.663885281661	2.72487927366012e-12	5.61243790694174e-12	18.822293167778803
hsa-miR-181c	hsa-miR-181c	hsa-miR-181c		-2.5363099105	-2.5363099105	-15.894119967073697	1.17938098020579e-12	2.5630641774551e-12	18.787217393392
hsa-miR-602	hsa-miR-602	hsa-miR-602		-7.09860015954546	-7.09860015954545	-25.6443119504515	3.0362339279903796e-12	6.1617688538628305e-12	18.6327061523196
hsa-miR-379	hsa-miR-379	hsa-miR-379		-5.84664806592308	-5.84664806592308	-20.8800691990378	2.8371639626348598e-12	5.80042410138682e-12	18.459424214439
hsa-miR-582-5p	hsa-miR-582-5p	hsa-miR-582-5p		-3.70730459744445	-3.7073045974444403	-15.5473312331861	1.7626393666819898e-12	3.8006911344080395e-12	18.3705642080958
hsa-miR-26a-2*	hsa-miR-26a-2*	hsa-miR-26a-2*		-8.588082568999999	-8.588082568999999	-58.4114678440907	1.81319753753635e-12	3.8793993826359105e-12	18.295711245452896
hsa-miR-138	hsa-miR-138	hsa-miR-138		-7.81132249766667	-7.81132249766667	-33.194187071011804	4.78683013736533e-12	9.57366027473065e-12	18.2879539622256
hsa-let-7e	hsa-let-7e	hsa-let-7e		-1.34990622872222	-1.34990622872222	-15.4399126487992	1.99938422307303e-12	4.24484650437043e-12	18.239865498732897
hsa-miR-34a	hsa-miR-34a	hsa-miR-34a		-2.83197068733333	-2.83197068733333	-15.3942742125445	2.10983766194442e-12	4.44515415798977e-12	18.184097612198396
hsa-miR-100	hsa-miR-100	hsa-miR-100		-6.898478484666669	-6.898478484666669	-21.9647437683419	5.22896420781815e-12	1.03085294382701e-11	17.957210209187103
hsa-miR-369-5p	hsa-miR-369-5p	hsa-miR-369-5p		-6.16578399935714	-6.16578399935714	-18.595275707072698	4.64880478750797e-12	9.365475338337221e-12	17.8192153601108
hsa-miR-449a	hsa-miR-449a	hsa-miR-449a		-8.444719733125	-8.444719733125	-38.24594558388029	8.32952115174178e-12	1.63045945948988e-11	17.6643055703087
hsa-miR-185	hsa-miR-185	hsa-miR-185		1.47346803861111	1.47346803861111	14.6663196714499	5.069141956106099e-12	1.0065346617879699e-11	17.274781255244
hsa-miR-124	hsa-miR-124	hsa-miR-124		-7.05635547669231	-7.05635547669231	-18.9922719431311	1.07938052111625e-11	2.0832798869096898e-11	17.0743909817376
hsa-miR-193a-5p	hsa-miR-193a-5p	hsa-miR-193a-5p		-8.408733380125	-8.408733380125	-34.8342131798941	2.0282432488035e-11	3.7570143400655396e-11	16.8661075616274
hsa-miR-222	hsa-miR-222	hsa-miR-222		1.9782331684999999	1.9782331684999999	14.190620225164402	9.1706135806311e-12	1.78245728750295e-11	16.6595976549766
hsa-miR-668	hsa-miR-668	hsa-miR-668		-7.59154379942857	-7.59154379942857	-44.4249570263986	1.88855902108978e-11	3.53873224037081e-11	16.6320447192588
hsa-miR-361-5p	hsa-miR-361-5p	hsa-miR-361-5p		-8.2813501105	-8.2813501105	-33.2813334747055	3.13021450829186e-11	5.72145168403015e-11	16.4672758656625
hsa-miR-1	hsa-miR-1	hsa-miR-1		-3.5828170901111096	-3.5828170901111096	-13.8134330990239	1.48490979312089e-11	2.82644898552666e-11	16.1594003073787
hsa-miR-671-5p	hsa-miR-671-5p	hsa-miR-671-5p		-5.54303909277778	-5.54303909277778	-26.5944355881251	4.8762288375438e-11	8.79633437360843e-11	16.0304555447084
hsa-miR-31*	hsa-miR-31*	hsa-miR-31*		-8.51325154733333	-8.51325154733333	-64.25746274792711	1.16545973825979e-11	2.2337978316646102e-11	16.029402954600503
hsa-miR-377	hsa-miR-377	hsa-miR-377		-5.58030566735294	-5.58030566735294	-14.2428435522482	1.8975810564307302e-11	3.53873224037081e-11	16.0059784130451
hsa-miR-411	hsa-miR-411	hsa-miR-411		-4.85557200633333	-4.85557200633333	-13.296254533622802	2.92722045944666e-11	5.38608564538185e-11	15.4548757839098
hsa-miR-146b-5p	hsa-miR-146b-5p	hsa-miR-146b-5p		-1.79005939555556	-1.79005939555556	-12.879677791203802	5.1370741522849505e-11	9.20670432487432e-11	14.870979642174198
hsa-miR-373*	hsa-miR-373*	hsa-miR-373*		-7.64148891528572	-7.64148891528571	-34.373297818765	1.6900498580086e-10	2.9522389924707197e-10	14.804507905079
hsa-miR-381	hsa-miR-381	hsa-miR-381		-6.77200007744444	-6.77200007744444	-23.3471172940274	1.89497259165038e-10	3.2688277205968996e-10	14.666130989032302
hsa-miR-452	hsa-miR-452	hsa-miR-452		-6.99125176181818	-6.99125176181818	-18.1137329945633	2.1637550945809e-10	3.7092944478529797e-10	14.2390949097143
hsa-miR-329	hsa-miR-329	hsa-miR-329		-5.43397640207143	-5.43397640207143	-14.7371288943718	1.4486196359319601e-10	2.54661795870842e-10	14.234426374565
hsa-miR-27b	hsa-miR-27b	hsa-miR-27b		2.8616280136000003	2.8616280136000003	19.7775336026876	2.74021280204112e-10	4.63986952983649e-10	14.146605973543
hsa-miR-382	hsa-miR-382	hsa-miR-382		-3.9400232427222206	-3.9400232427222206	-12.285671004804001	1.17530197607978e-10	2.0927957767614202e-10	14.011718637681902
hsa-miR-337-5p	hsa-miR-337-5p	hsa-miR-337-5p		-6.947176884222221	-6.947176884222221	-20.6436315700983	6.79569915941328e-10	1.0717788388560402e-09	13.3599245253617
hsa-miR-708	hsa-miR-708	hsa-miR-708		-7.1724442399090895	-7.1724442399090895	-16.8538642554779	5.18493477318122e-10	8.224379295390899e-10	13.3260161244497
hsa-miR-576-3p	hsa-miR-576-3p	hsa-miR-576-3p		-7.697155277142861	-7.697155277142861	-28.321737710559898	8.797149653644649e-10	1.3564320136345901e-09	13.2910591653055
hsa-miR-204	hsa-miR-204	hsa-miR-204		-7.25989215766667	-7.25989215766667	-20.4993134613893	7.30745481543604e-10	1.1459417778752e-09	13.285101808852
hsa-miR-148a	hsa-miR-148a	hsa-miR-148a		-2.0367899515	-2.0367899515	-12.6503929322825	2.89759494135518e-10	4.87644026715872e-10	13.2749095095892
hsa-miR-370	hsa-miR-370	hsa-miR-370		-4.34264831194118	-4.34264831194118	-12.1790929590447	2.66096983204857e-10	4.53350415830498e-10	13.259604699975199
hsa-miR-449b	hsa-miR-449b	hsa-miR-449b		-8.036664067333339	-8.03666406733333	-36.424961140883106	8.535452782332691e-10	1.3234747010808e-09	13.148090025945
hsa-miR-154	hsa-miR-154	hsa-miR-154		-3.79815093811111	-3.79815093811111	-11.613051737732901	3.1183104947339e-10	5.21608300937307e-10	12.998689431333899
hsa-miR-410	hsa-miR-410	hsa-miR-410		-4.6111097826875005	-4.6111097826875005	-12.430156165943801	3.83151541987155e-10	6.33232488553622e-10	12.9836868282395
hsa-miR-376b	hsa-miR-376b	hsa-miR-376b		-4.28555996572222	-4.28555996572222	-11.5312016761013	3.5217707548603697e-10	5.855474267117239e-10	12.8723796446945
hsa-miR-10b	hsa-miR-10b	hsa-miR-10b		-2.33490664705556	-2.33490664705556	-11.4262773808253	4.12017609589815e-10	6.72880829862657e-10	12.7094711262062
hsa-miR-301a	hsa-miR-301a	hsa-miR-301a		-1.6067041498333303	-1.6067041498333303	-11.4059917327385	4.24763214505781e-10	6.867738054557541e-10	12.6778457340566
hsa-miR-133a	hsa-miR-133a	hsa-miR-133a		-2.4197942406666697	-2.4197942406666697	-11.404836760828399	4.25501162075847e-10	6.867738054557541e-10	12.676043863201802
hsa-miR-30a	hsa-miR-30a	hsa-miR-30a		-1.58263694322222	-1.58263694322222	-11.3601911460689	4.5507718130770203e-10	7.26019086941767e-10	12.6062875209763
hsa-miR-433	hsa-miR-433	hsa-miR-433		-6.671837946	-6.671837946	-31.6144366042432	2.4842685677855e-09	3.68633400381075e-09	12.2434617162062
hsa-miR-22	hsa-miR-22	hsa-miR-22		-1.6718215317222198	-1.6718215317222198	-11.0096931297916	7.766520475581649e-10	1.21105065042968e-09	12.0514666930669
hsa-miR-620	hsa-miR-620	hsa-miR-620		-6.5710296702	-6.5710296702	-16.4162145953256	2.2135512583344e-09	3.3203268875015997e-09	11.966832443096301
hsa-miR-149	hsa-miR-149	hsa-miR-149		-7.86505697585714	-7.86505697585714	-23.871571036009602	3.75467048435303e-09	5.483010866039339e-09	11.884496883362699
hsa-miR-431	hsa-miR-431	hsa-miR-431		-5.2620921823	-5.2620921823	-16.2516830942626	2.47642079198398e-09	3.68633400381075e-09	11.849042815306499
hsa-miR-127-3p	hsa-miR-127-3p	hsa-miR-127-3p		-3.30713801644445	-3.3071380164444397	-10.835238558468301	1.01814759983123e-09	1.56115965307456e-09	11.7704738504307
hsa-miR-127-5p	hsa-miR-127-5p	hsa-miR-127-5p		-7.08430780425	-7.08430780425	-19.2738487008591	5.4687709967826e-09	7.944109447957879e-09	11.366469057305501
hsa-miR-589	hsa-miR-589	hsa-miR-589		-6.01850569883333	-6.01850569883333	-26.598324369629303	9.11788337112231e-09	1.31755801593181e-08	11.063551849447
hsa-miR-154*	hsa-miR-154*	hsa-miR-154*		-6.863909880125001	-6.863909880125001	-18.162292525521398	9.532113262539419e-09	1.3702412814900402e-08	10.7899451055846
hsa-miR-143	hsa-miR-143	hsa-miR-143		-1.74963292333333	-1.74963292333333	-10.2144872288388	2.7392527416639605e-09	4.03010170998403e-09	10.743588033197101
hsa-miR-326	hsa-miR-326	hsa-miR-326		-1.20996074488889	-1.20996074488889	-10.2131684241722	2.7451417444818802e-09	4.03010170998403e-09	10.7413603271626
hsa-miR-224	hsa-miR-224	hsa-miR-224		-7.722185457999999	-7.722185457999999	-32.7435923792075	1.52912236544534e-08	2.1642962710918602e-08	10.4252525601929
hsa-miR-539	hsa-miR-539	hsa-miR-539		-7.66450776733333	-7.66450776733333	-23.2535262271725	2.4997920926513597e-08	3.48455867460492e-08	10.098576400588
hsa-miR-337-3p	hsa-miR-337-3p	hsa-miR-337-3p		-7.679899067166669	-7.679899067166669	-22.770433385643702	2.9255325940300603e-08	4.01714923359352e-08	9.9447340048964
hsa-miR-622	hsa-miR-622	hsa-miR-622		-6.1037511722	-6.1037511722	-28.602959905297602	3.70526168196938e-08	5.06263477338391e-08	9.685768189740982
hsa-miR-128	hsa-miR-128	hsa-miR-128		-1.59075680211111	-1.59075680211111	-14.4866230309775	2.56154554528161e-08	3.55269633415943e-08	9.564509812195551
hsa-miR-151-5p	hsa-miR-151-5p	hsa-miR-151-5p		1.376225791	1.376225791	9.278421430232038	1.32276884109685e-08	1.88187732032335e-08	9.11101084773246
hsa-miR-873	hsa-miR-873	hsa-miR-873		-7.804960230750001	-7.804960230750001	-37.117047705447	6.646123644275791e-08	9.03610899418777e-08	8.74655033635339
hsa-miR-211	hsa-miR-211	hsa-miR-211		-8.318976879	-8.318976879	-34.6989640769848	9.669848756528561e-08	1.2955719693213e-07	8.49576793044782
hsa-miR-486-5p	hsa-miR-486-5p	hsa-miR-486-5p		-1.4424427579444399	-1.4424427579444399	-8.85194686137465	2.8065248273071898e-08	3.87300426168393e-08	8.33183017711491
hsa-miR-760	hsa-miR-760	hsa-miR-760		-7.398426486	-7.398426486	-22.7444348698801	1.65434257083088e-07	2.2057900944411696e-07	8.32393460163194
hsa-miR-29b	hsa-miR-29b	hsa-miR-29b		-1.34135722233333	-1.34135722233333	-8.36063671657393	6.868365698826799e-08	9.29249476900097e-08	7.40556388329723
hsa-miR-31	hsa-miR-31	hsa-miR-31		-6.8736664670000005	-6.8736664670000005	-19.5853620566118	4.3741476476390897e-07	5.74887976546852e-07	7.377389716565321
hsa-miR-147b	hsa-miR-147b	hsa-miR-147b		-8.3248547425	-8.3248547425	-25.5014924008793	5.35279104928435e-07	7.00175511659944e-07	7.1757737433083
hsa-miR-376c	hsa-miR-376c	hsa-miR-376c		-2.68501497355556	-2.68501497355556	-8.240935474839151	8.58224130218103e-08	1.1554627314155901e-07	7.17516070488763
hsa-miR-483-3p	hsa-miR-483-3p	hsa-miR-483-3p		-8.262005842999999	-8.262005842999999	-36.0082288074354	8.365088829985741e-07	1.07886192386732e-06	6.219499528858
U6	U6		control	4.762729280625	4.762729280625	11.342880934653099	7.19456700648818e-07	9.32253752953398e-07	6.210321610230711
hsa-miR-518c*	hsa-miR-518c*	hsa-miR-518c*		-8.160652263	-8.160652263	-28.969019823547804	2.2604437663398497e-06	2.87503446778709e-06	5.61515181228032
hsa-miR-218	hsa-miR-218	hsa-miR-218		-7.588489495333331	-7.588489495333331	-28.3308709507277	2.50242245755747e-06	3.16820457929294e-06	5.545984156307339
hsa-miR-205	hsa-miR-205	hsa-miR-205		-7.6917515053333405	-7.691751505333331	-26.8492951732761	3.19758743943286e-06	4.02983622503867e-06	5.373747122542599
hsa-miR-494	hsa-miR-494	hsa-miR-494		-8.635703876333329	-8.635703876333329	-26.1922155872069	3.5802428157191496e-06	4.49157735062947e-06	5.29173091061518
hsa-miR-139-5p	hsa-miR-139-5p	hsa-miR-139-5p		-1.4330518627222197	-1.4330518627222197	-7.26338156418729	5.68322058376042e-07	7.39890981659376e-07	5.2230205534267595
hsa-miR-409-3p	hsa-miR-409-3p	hsa-miR-409-3p		-2.92535285575	-2.92535285575	-8.3037655175292	1.09165692593755e-06	1.40138284445936e-06	5.1149768963927995
hsa-miR-363*	hsa-miR-363*	hsa-miR-363*		-7.59219193233333	-7.59219193233333	-24.397476246718696	4.9484413042775395e-06	6.17995384606607e-06	5.048014569891639
hsa-miR-376a	hsa-miR-376a	hsa-miR-376a		-2.3421273715	-2.3421273715	-6.72025392149345	1.71730878983728e-06	2.19433900923653e-06	4.0842383095772705
hsa-miR-429	hsa-miR-429	hsa-miR-429		-8.538037960499999	-8.538037960499999	-30.527703681212696	1.82513238873871e-05	2.24882383612448e-05	3.3740029715476094
hsa-miR-517c	hsa-miR-517c	hsa-miR-517c		-8.65574696	-8.65574696	-28.998302409465104	2.19331611642279e-05	2.69046776947863e-05	3.28473217186837
hsa-miR-499-5p	hsa-miR-499-5p	hsa-miR-499-5p		-8.433398359	-8.433398359	-28.179908099604503	2.42963503361772e-05	2.9671649083119106e-05	3.23255018658804
hsa-miR-299-3p	hsa-miR-299-3p	hsa-miR-299-3p		-9.009486039	-9.009486039	-24.631536537079896	3.9293361343553296e-05	4.73579376891734e-05	2.9631199668625294
hsa-miR-518f	hsa-miR-518f	hsa-miR-518f		-8.560520108	-8.560520108	-22.373733523870897	5.537322288600439e-05	6.587504101955699e-05	2.7459503823181404
hsa-miR-886-5p	hsa-miR-886-5p	hsa-miR-886-5p		-5.2738449235000004	-5.2738449235000004	-17.2761786166783	0.000139006792690913	0.000163259041628476	2.06166481886741
hsa-miR-520c-3p	hsa-miR-520c-3p	hsa-miR-520c-3p		-9.985011707	-9.985011707	-21.7588646958	0.000531322406705692	0.0006161553960116429	0.40371663289891796
hsa-miR-509-3p	hsa-miR-509-3p	hsa-miR-509-3p		-9.378458831	-9.378458831	-20.4370933902662	0.000624389937388303	0.000721052814724567	0.335465369747829
hsa-miR-623	hsa-miR-623	hsa-miR-623		-9.240208936	-9.240208936	-20.135825765571802	0.000648725667336708	0.000746034517437214	0.31842384067378804
hsa-miR-933	hsa-miR-933	hsa-miR-933		-8.892139593	-8.892139593	-19.377329535288602	0.0007161135970634	0.00082011349705186	0.272781697163618
hsa-miR-518a-3p	hsa-miR-518a-3p	hsa-miR-518a-3p		-8.851088957	-8.851088957	-19.287873933171	0.000724691461692095	0.0008265076174670179	0.267125526143925
hsa-miR-519d	hsa-miR-519d	hsa-miR-519d		-8.807071608	-8.807071608	-19.191953410565397	0.0007340480961395531	0.000833733640059739	0.260993500716498
hsa-miR-765	hsa-miR-765	hsa-miR-765		-8.786628346	-8.786628346	-19.147404422056198	0.000738450583230791	0.00083529656135942	0.25812168344954894
hsa-miR-617	hsa-miR-617	hsa-miR-617		-8.642602069	-8.642602069	-18.8335491792341	0.0007705278241516139	0.000868023181493247	0.23745007247210503
hsa-miR-375	hsa-miR-375	hsa-miR-375		-8.561313227000001	-8.561313227000001	-18.6564083839843	0.000789488644338243	0.0008857677473063211	0.22543411760519602
hsa-miR-658	hsa-miR-658	hsa-miR-658		-8.328676401000001	-8.328676401000001	-18.1494572287197	0.000847455182408643	0.0009469539690072279	0.18958306196238
hsa-miR-96	hsa-miR-96	hsa-miR-96		-8.234464638	-8.234464638	-17.9441554159604	0.00087261039257338	0.000971130920767149	0.174418765484562
hsa-miR-548c-3p	hsa-miR-548c-3p	hsa-miR-548c-3p		-8.010661475	-8.010661475	-17.456454160808597	0.0009366625097412199	0.0010340754107543099	0.136808271643931
hsa-miR-519e*	hsa-miR-519e*	hsa-miR-519e*		-7.980798791000001	-7.980798791000001	-17.391378813911	0.00094569677266803	0.0010398896783122599	0.131614094344057
hsa-miR-9*	hsa-miR-9*	hsa-miR-9*		-7.913822167999999	-7.913822167999999	-17.2454265285855	0.000966402298260333	0.0010584406123803698	0.11980847851540402
hsa-miR-596	hsa-miR-596	hsa-miR-596		-7.8485973179999995	-7.8485973179999995	-17.1032916240306	0.000987174142032399	0.0010769172458535302	0.108100336593432
hsa-miR-572	hsa-miR-572	hsa-miR-572		-7.634698806	-7.634698806	-16.6371741153273	0.0010597949466740599	0.00115158820977182	0.0681817942440306
hsa-miR-217	hsa-miR-217	hsa-miR-217		-7.555627664	-7.555627664	-16.4648660269037	0.0010885138297169802	0.0011781561451054301	0.052809296926795
hsa-miR-595	hsa-miR-595	hsa-miR-595		-2.237016143	-2.237016143	-4.87479965033329	0.023070552940237996	0.0244902792750219	-2.80624145774383
